"fichier";"annee";"type";"sens";"valeur";"valeur_avant";"valeur_apres";"evolution";"evolution_pct";"distance";"contexte"
"2_cri_1964-1965-ordinaire1_021.txt";"1964";"evolution_pct";"accroissement";"15.0";"";"";"";"";"471";"e coût de la vie continue d'augmenter dans les départements d'ourre-mer, comme dans la métropole. En troisième lieu, la réduction des crédits affectés aux centres de formation professionnelle avec un accroissement très impor- tant des dépenses prévues, d'une part, au titre du tameux a service milita"
"2_cri_1964-1965-ordinaire1_021.txt";"1964";"evolution_pct";"augmentation";"42.0";"";"";"";"";"313";"x non-salariés de 34 p. 100 et l'allocation complémentaire au fonds national de solidarité de 50 p. 110. Quant à l'allocation militaire, elle est passée en avril dernier de 360 à 960 francs, soit une augmentation de 166 p. 100. Pour ce qui est de l'aide sociale proprement dite — et je réponds ainsi "
"2_cri_1964-1965-ordinaire1_021.txt";"1964";"evolution_pct";"augmentation";"100.0";"";"";"";"";"382";"x non-salariés de 34 p. 100 et l'allocation complémentaire au fonds national de solidarité de 50 p. 110. Quant à l'allocation militaire, elle est passée en avril dernier de 360 à 960 francs, soit une augmentation de 166 p. 100. Pour ce qui est de l'aide sociale proprement dite — et je réponds ainsi "
"2_cri_1964-1965-ordinaire1_021.txt";"1964";"evolution_pct";"augmentation";"20.0";"";"";"";"";"289";"compte (lu fonds national de solidarité, une personne âgée des départements d'outre-mer perçoit-elle, en 1964, une allocation annuelle minimum de 1 .260 francs au lieu de 192 francs en 1962, soit une augmentation de plus de 550 p. 100 en moins de deux années. Pour illustrer l'importance des mesures "
"4_cri_1968-1969-ordinaire1_050.txt";"1968";"evolution_pct";"progression";"10.1";"";"";"";"";"68";"e budget s'élèvent à 130.840.000 francs pour les dépenses ordinaires, contre 118 .790.000 francs en 1968, et à 164 .450.000 francs pour les dépenses en capital, contre 159 .800.000 francs en 1968. La progression est donc plus forte pour les dépenses ordinaires — plus 10,1 p. 100 — que pour les dépen"
"4_cri_1968-1969-ordinaire1_050.txt";"1968";"evolution_pct";"progression";"6.0";"";"";"";"";"121";"e budget s'élèvent à 130.840.000 francs pour les dépenses ordinaires, contre 118 .790.000 francs en 1968, et à 164 .450.000 francs pour les dépenses en capital, contre 159 .800.000 francs en 1968. La progression est donc plus forte pour les dépenses ordinaires — plus 10,1 p. 100 — que pour les dépen"
"4_cri_1968-1969-ordinaire1_050.txt";"1968";"evolution_pct";"progression";"0.6";"";"";"";"";"216";"e budget s'élèvent à 130.840.000 francs pour les dépenses ordinaires, contre 118 .790.000 francs en 1968, et à 164 .450.000 francs pour les dépenses en capital, contre 159 .800.000 francs en 1968. La progression est donc plus forte pour les dépenses ordinaires — plus 10,1 p. 100 — que pour les dépen"
"4_cri_1968-1969-ordinaire1_050.txt";"1968";"evolution_pct";"augmentation";"7.8";"";"";"";"";"183";"rai plus longuement les traits dominants de la situation économique et sociale de nos quatre départements lointains. On constate que, par rapport à 1968, les crédits augmentent globalement d 'environ 7,8 p. 100 et de 10 p. 100 pour les dépenses ordinaires . En ce qui concerne les dépenses en capital"
"4_cri_1968-1969-ordinaire1_050.txt";"1968";"evolution_pct";"diminution";"10.0";"";"";"";"";"490";"ent le budget des départements d 'outre-mer pour 1969. Les crédits de fonctionnement prévus pour 1969 atteindront environ 131 millions, soit 12 millions de plus que l'an dernier. Cette progression de 10 p. 100 permettra de satisfaire un certain nombre d'actions indispensables envisagées par mon dépa"
"4_cri_1969-1970-ordinaire1_033.txt";"1969";"evolution_pct";"augmentation";"21.6";"";"";"";"";"81";"d 'inscription dans l 'enseignement supérieur s'accompagne d 'une exonération complète de ces droits en faveur des étudiants boursiers . En outre, le projet de loi de finances pour 1970 comporte une augmentation des crédits de bourses des enseignements secondaire et supérieur de 21,6 p. 100 par rapp"
"4_cri_1969-1970-ordinaire1_050.txt";"1969";"evolution_pct";"diminution";"10.0";"";"";"";"";"391";"1969, soit une augmentation de 12.558.993 francs, dont 11.550.511 francs au titre des mesures acquises et 1.058.482 francs au titre des mesures nouvelles. Cette augmentation, légèrement inférieure à 10 p. 100, permettra la poursuite des principales actions entreprises en faveur des départements, not"
"4_cri_1969-1970-ordinaire1_050.txt";"1969";"evolution_pct";"diminution";"8.3";"";"";"";"";"291";"'établiront, en autorisations de programme, à 146.565.000 francs en 1970, contre 156.950.000 francs en 1969, et, en crédits de paiement, à 150.105.000 francs, contre 166.173.000 francs en 1969. Cette diminution s'explique par l'affectation au fonds d'action conjoncturelle de 10 p. 100 des autorisati"
"4_cri_1969-1970-ordinaire1_050.txt";"1969";"evolution_pct";"diminution";"10.0";"";"";"";"";"202";"ntre 156.950.000 francs en 1969, et, en crédits de paiement, à 150.105.000 francs, contre 166.173.000 francs en 1969. Cette diminution s'explique par l'affectation au fonds d'action conjoncturelle de 10 p. 100 des autorisations de programme inscrites en 1969, corrigées, en ce qui concerne le F .I.D "
"4_cri_1969-1970-ordinaire1_050.txt";"1969";"evolution_pct";"augmentation";"10.0";"";"";"";"";"290";"our répondre au désir exprimé, l'année dernière, par l'Assemblée. Ce document permet de constater que le total des sommes affectées aux départements d'outre-mer par les ministères tech- niques est en augmentation puisque les crédits prévus pour 1970 atteignent 1.697.844.000 francs, contre 1.611.403."
"4_cri_1969-1970-ordinaire1_050.txt";"1969";"evolution_pct";"augmentation";"8.3";"";"";"";"";"324";"our répondre au désir exprimé, l'année dernière, par l'Assemblée. Ce document permet de constater que le total des sommes affectées aux départements d'outre-mer par les ministères tech- niques est en augmentation puisque les crédits prévus pour 1970 atteignent 1.697.844.000 francs, contre 1.611.403."
"4_cri_1969-1970-ordinaire1_050.txt";"1969";"evolution_pct";"augmentation";"7.0";"";"";"";"";"356";"our répondre au désir exprimé, l'année dernière, par l'Assemblée. Ce document permet de constater que le total des sommes affectées aux départements d'outre-mer par les ministères tech- niques est en augmentation puisque les crédits prévus pour 1970 atteignent 1.697.844.000 francs, contre 1.611.403."
"4_cri_1969-1970-ordinaire1_050.txt";"1969";"evolution_pct";"augmentation";"10.0";"";"";"";"";"444";"vu pour 1970 est en diminution de 3,5 mil- lions de francs sur celui de 1969 . Il ne s'agit là que d'une valeur absolue. En réalité, si l'on tient compte de l'érosion monétaire et, de ce fait, d 'une augmentation des prix d 'environ 6 p. 100, il aurait fallu une augmentation minimum de 16 millions d"
"4_cri_1969-1970-ordinaire1_050.txt";"1969";"evolution_pct";"accroissement";"6.0";"";"";"";"";"452";"3,5 mil- lions de francs sur celui de 1969 . Il ne s'agit là que d'une valeur absolue. En réalité, si l'on tient compte de l'érosion monétaire et, de ce fait, d 'une augmentation des prix d 'environ 6 p. 100, il aurait fallu une augmentation minimum de 16 millions de francs pour rester au même nivea"
"4_cri_1969-1970-ordinaire1_050.txt";"1969";"evolution_pct";"accroissement";"9.0";"";"";"";"";"350";"er par rapport à 1969, ce qui correspond à une réduc- tion de 7 p . 100. Les dépenses ordinaires ou de fonctionnement sont les seules qui augmentent d'environ 10 p. 100. Leur majoration provient de l'accroissement des crédits consacrés à la sûreté nationale qui absorbe, à elle seule, la moitié de ce"
"4_cri_1970-1971-ordinaire1_023.txt";"1970";"evolution_pct";"accroissement";"39.6";"";"";"";"";"315";"ASSEMBLEE NATIONALE — 2° SEANCE DU 26 OCTOBRE 1970 4719 D'après l'Institut d'émission des départements d'outre-mer a ces importations sont davantages liées à l'élévation du niveau de vie qu'à l'accroissement numérique de la population a. Cette situation est paracioxale. La hausse du niveau de vie qu"
"4_cri_1970-1971-ordinaire1_023.txt";"1970";"evolution_pct";"accroissement";"46.6";"";"";"";"";"369";"ASSEMBLEE NATIONALE — 2° SEANCE DU 26 OCTOBRE 1970 4719 D'après l'Institut d'émission des départements d'outre-mer a ces importations sont davantages liées à l'élévation du niveau de vie qu'à l'accroissement numérique de la population a. Cette situation est paracioxale. La hausse du niveau de vie qu"
"4_cri_1970-1971-ordinaire1_023.txt";"1970";"evolution_pct";"augmentation";"8.0";"";"";"";"";"443";"s collectivités locales en sera renforcé. Je tiens tout spécialement à attirer votre attention sur le fait que, tant pour le budget de fonctionnement que pour le budget d'équipement, le pourcentage d'augmentation est supé- rieur à celui du budget général. Vous savez, par ailleurs, que les divers min"
"4_cri_1970-1971-ordinaire1_065.txt";"1970";"evolution_pct";"hausse";"3.0";"";"";"";"";"353";"et Il du code général des impies, les propriétaires qui cèdent des terrains acquis depuis le 1"" janvier 1959 peuvent appliquer au prix d'acquisition ou à la valeur sle ces terrains, une majoration de 3 p. 100 par année écoulée pendant toute la durée sic détention du bien. Cette disposition, destinée"
"4_cri_1972-1973-ordinaire1_045.txt";"1972";"evolution_pct";"augmentation";"10.3";"";"";"";"";"158";"urd'hui et les commentaires qu'il me parait appeler. Le montant total des crédits inscrits à ce projet de budget est de 379 .062.721 francs. Son augmentation par rapport à l'exercice précédent est de 10,3 p. 100, comparable à celle du budget général . Elle est à peu près également répartie entre les"
"4_qst_4-qst-1969-08-23.txt";"1969";"evolution_pct";"hausse";"5.4";"";"";"";"";"299";"'économie et des finances sur le fait que l 'article 3 de la loi de finances pour 1968, n"" 67.114 du 21 décembre 1967, dispose qu 'à compter du 1"" janvier 1968, lorsque, d'une année sur l 'autre, une hausse supérieure à 5 p . 100 intervient sur l 'indice des 259 articles, le Parlement est saisi de p"
"4_qst_4-qst-1969-09-27.txt";"1969";"evolution_pct";"hausse";"5.4";"";"";"";"";"299";"conomie et des finances sur le fait que l 'article 3 de la loi de finances pour 1968, n"" 67-114 du 21 décembre 1967, dispose qu 'à compter du 1""' janvier 1968, lorsque, d 'une année sur l 'autre, une hausse supérieure à 5 p. 100 intervient sur l 'indice des 259 articles, le Parlement est saisi de pr"
"5_cri_1973-1974-ordinaire1_032.txt";"1973";"evolution_pct";"augmentation";"50.0";"";"";"";"";"194";"l'année 1974, à la gestion et à la nouvelle usine de Pessac. En ce qui concerne les crédits, la commission des finances a observé que les recettes et les .dépenses budgétaires sont en augmentation de 50 p. 100 par rapport à 1973. L'augmentation des recettes provient essentiellement de l'ex- tension "
"5_cri_1973-1974-ordinaire1_032.txt";"1973";"evolution_pct";"augmentation";"12.5";"";"";"";"";"132";"départements d'outre-mer ne s 'améliore guère si l'on excepte certains succès obtenus dans le développement du tourisme. Les crédits progressent de 7,5 p. 100 seulement, ce qui est très inférieur à l'augmentation moyenne des budgets des autres dépar- tements ministériels. Cette augmentation, je n'ai"
"5_cri_1973-1974-ordinaire1_032.txt";"1973";"evolution_pct";"augmentation";"14.0";"";"";"";"";"211";"départements d'outre-mer ne s 'améliore guère si l'on excepte certains succès obtenus dans le développement du tourisme. Les crédits progressent de 7,5 p. 100 seulement, ce qui est très inférieur à l'augmentation moyenne des budgets des autres dépar- tements ministériels. Cette augmentation, je n'ai"
"5_cri_1973-1974-ordinaire1_032.txt";"1973";"evolution_pct";"augmentation";"7.5";"";"";"";"";"131";"érément satisfait. Et pourtant, la situation de nos départements d'outre-mer ne s 'améliore guère si l'on excepte certains succès obtenus dans le développement du tourisme. Les crédits progressent de 7,5 p. 100 seulement, ce qui est très inférieur à l'augmentation moyenne des budgets des autres dépa"
"5_cri_1973-1974-ordinaire1_032.txt";"1973";"evolution_pct";"progression";"5.0";"";"";"";"";"427";"e notre effort est la stabilité de l'ensemble des crédits engagés par les différents ministères techniques. Le total des dépenses civiles, qui s'élève à 2,5 milliards de francs, n'est augmenté que de 5 p. 100. Je remercie le Gouver- - 'minent d'avoir cette année publié l'état récapitulatif de ces dé"
"5_cri_1973-1974-ordinaire1_032.txt";"1973";"evolution_pct";"hausse";"7.5";"";"";"";"";"57";"ions menées au cours des exercices précédents. Une telle publication serait fort utile pour faire connaitre à l'opinion publique d'outre-mer l'ensemble de l'effort métropo- litain. Une progression de 7,5 p. 100 des crédits est modeste et, compte tenu de la hausse des prix, il est à craindre que ce b"
"5_cri_1973-1974-ordinaire1_032.txt";"1973";"evolution_pct";"progression";"7.4";"";"";"";"";"35";"crédits d'intervention permettant d'entreprendre des actions complémentaires que les adminis- trations techniques n'ont pas vocation ou ne sont pas en mesure d'assurer. Ce budget fait apparaître une progression globale des crédits de 7,4 p. 100 seulement, sensiblement inférieure par conséquent à l'a"
"5_cri_1973-1974-ordinaire1_032.txt";"1973";"evolution_pct";"progression";"2.7";"";"";"";"";"497";"crédits d'intervention permettant d'entreprendre des actions complémentaires que les adminis- trations techniques n'ont pas vocation ou ne sont pas en mesure d'assurer. Ce budget fait apparaître une progression globale des crédits de 7,4 p. 100 seulement, sensiblement inférieure par conséquent à l'a"
"5_cri_1973-1974-ordinaire1_032.txt";"1973";"evolution_pct";"progression";"3.5";"";"";"";"";"375";"nt, sensiblement inférieure par conséquent à l'augmentation du budget général, ainsi que cela a été souligné tout à l'heure. Je voudrais présenter deux remarques à ce sujet. La première, c'est que la progression des dépenses ordinaires est de 11,9 p . 100, soit une augmentation supérieure de 1,5 p ."
"5_cri_1974-1975-ordinaire1_046.txt";"1974";"evolution_pct";"augmentation";"29.0";"";"";"";"";"192";"ns de programme sont, elles, en augmentation de près de 10 p . 100. Dans le secteur d'équipement non programmé, l'augmentation la plus sensible concerne l'aide aux collectivités locales, en hausse de 29 p. 100, dont vous avez souligné l 'importance. Quant au secteur programmé par le VI- Plan, il a t"
"5_cri_1974-1975-ordinaire1_046.txt";"1974";"evolution_pct";"augmentation";"9.7";"";"";"";"";"280";"es augmentent de 12 p . 100, les dépen- ses en capital ne s'accroissent que de 6,6 p . 100, taux sensi- blement inférieur au mouvement de hausse des prix tel que le Gouvernement lui-même l'établit, à 9,7 p. 100. Encore faut-il dire qu'en quasi-totalité, l'augmentation ne fait que suivre le service d"
"5_cri_1975-1976-ordinaire1_057.txt";"1975";"evolution_pct";"progression";"8.0";"";"";"";"";"125";". cai elle est . pour une part. endémique et. pour une autre part, fonction de la conjoncture. L'émigration vers la métropole continue . à un rythme à peu près inchangé elle est même en très légère progression. A cet égard. les efforts financiers semblent insuffisants puisque les crédits du Bumidom "
"5_cri_1975-1976-ordinaire1_058.txt";"1975";"evolution_pct";"accroissement";"5.0";"";"";"";"";"29";"tre mer, lors de son dernier voyage aux Antilles, a beaucoup vanté les mesures sociales prises par le Gouvernement . Mais, dans le projet de budget, l'ensemble des avantages sociaux se traduit par un accroissement de dépenses de 5 p. 100 seulement par rapport au budget précédent. En valeur réelle, c"
"5_cri_1976-1977-ordinaire1_062.txt";"1976";"evolution_pct";"réduction";"20.0";"";"";"";"";"351";"nt des transferts d'emplois et de crédits relatifs à la mise en place des nouveaux départements d'outre-mer. Les crédits prévus au titre de l'action sociale — assistance et solidarité — subissent une réduction, passant de 37 millions 100 000 francs à 36 millions et demi. Les budgets des ministères d"
"5_cri_1976-1977-ordinaire1_062.txt";"1976";"evolution_pct";"réduction";"12.0";"";"";"";"";"402";"nt des transferts d'emplois et de crédits relatifs à la mise en place des nouveaux départements d'outre-mer. Les crédits prévus au titre de l'action sociale — assistance et solidarité — subissent une réduction, passant de 37 millions 100 000 francs à 36 millions et demi. Les budgets des ministères d"
"5_cri_1977-1978-ordinaire1_035.txt";"1977";"evolution_pct";"augmentation";"22.0";"";"";"";"";"393";"emploi et que le .problème n'est pas simple. Oh ! bien sûr, vous me répondrez qu'il y a les crédits de chômage cependant, ces crédits ne règlent pas tout. Il est vrai que, nominalement, ils sont en augmentation mais, en pratique, que constate-t-on ? On constate qu'il y a cinq ans, nous pouvions offr"
"5_cri_1977-1978-ordinaire1_035.txt";"1977";"evolution_pct";"réduction";"90.0";"";"";"";"";"362";"commencer par le bail à long terme, les groupements fonciers agricoles, les G . A. E. C. A quels obstacles s'est heurtée la parution du décret tant attendu, et qui vous préoccupe aussi, relatif à la réduction de la cotisation au rôle des marins pêcheurs, afin de protéger cette profession menacée ? D"
"5_cri_1977-1978-ordinaire1_035.txt";"1977";"evolution_pct";"réduction";"20.0";"";"";"";"";"417";"commencer par le bail à long terme, les groupements fonciers agricoles, les G . A. E. C. A quels obstacles s'est heurtée la parution du décret tant attendu, et qui vous préoccupe aussi, relatif à la réduction de la cotisation au rôle des marins pêcheurs, afin de protéger cette profession menacée ? D"
"5_qst_5-qst-1975-07-19.txt";"1975";"evolution_pct";"accroissement";"55.0";"";"";"";"";"372";"public une subvention de 15 francs par élève de quatrième . En ce qui concerne le financement des trans- ports scolaires, la participation de l 'Etat progresse de façon constante comme en témoigne l 'accroissement des crédits ouverts chaque année au budget, qui sont passés de 405 millions de francs "
"5_qst_5-qst-1975-07-19.txt";"1975";"evolution_pct";"accroissement";"6.36";"";"";"";"";"263";"e à l'ensemble des bourses . Le nombre des parts attribuées et l'effectif des bénéficiaires -résultent de l'applIcsation de barèmes nationaux qui font chaque année l'objet d'aménagement portant sur l'accroissement des plafonds de ressources au-dessous desquels une bourse peut être accordée et sur le"
"5_qst_5-qst-1975-07-19.txt";"1975";"evolution_pct";"progression";"5.0";"";"";"";"";"493";"égations en qualité de stagiaires et des titularisations. En matière de constructions scolaires, le budget de 1974 a pour- suivi l 'effort des années précédentes. Les crédits ont progressé de près de 5 p. 100, la priorité ayant été donnée à la construction des écoles maternelles et des collèges d 'e"
"5_qst_5-qst-1975-07-19.txt";"1975";"evolution_pct";"progression";"14.27";"";"";"";"";"154";"on, permettra d'assurer dans les meilleures conditions possibles le fonctionnement du service public de l 'éducation. Le budget du ministère de l'éducation s'élève à 46 795 millions de francs soit un progression de 15,9 p . 100 par rapport au budget 1974, légèrement supérieure à celle de l 'ensemble"
"6_cri_1978-1979-ordinaire1_056.txt";"1978";"evolution_pct";"progression";"10.8";"";"";"";"";"214";"plus satisfai- sante sur l'intérêt et l'importance de leurs interventions outre- mer, celles-ci donnant trop souvent l'impression d'être marginales dans leurs préoccupations. Pour 1979, en effet, la progression de l'effort du budget de l'Etat en faveur des départements d'outre-mer apparaît bien mesu"
"6_cri_1978-1979-ordinaire1_056.txt";"1978";"evolution_pct";"progression";"2.0";"";"";"";"";"352";"plus satisfai- sante sur l'intérêt et l'importance de leurs interventions outre- mer, celles-ci donnant trop souvent l'impression d'être marginales dans leurs préoccupations. Pour 1979, en effet, la progression de l'effort du budget de l'Etat en faveur des départements d'outre-mer apparaît bien mesu"
"6_cri_1978-1979-ordinaire1_056.txt";"1978";"evolution_pct";"progression";"5.0";"";"";"";"";"293";"ons. Les attributions de la section départementale sont, en effet, accrues et les crédits, dont la répartition incombe aux assemblées départementales, augmentés . C'est ainsi qu'en 1979 la gestion de 5 p. 100 des crédits de paiement et de 42 p. 100 des auto- risations de programme sera confiée à l'i"
"6_cri_1978-1979-ordinaire1_056.txt";"1978";"evolution_pct";"progression";"42.0";"";"";"";"";"254";"artementale sont, en effet, accrues et les crédits, dont la répartition incombe aux assemblées départementales, augmentés . C'est ainsi qu'en 1979 la gestion de 5 p. 100 des crédits de paiement et de 42 p. 100 des auto- risations de programme sera confiée à l'initiative locale. En ce qui concerne le"
"6_cri_1978-1979-ordinaire1_058.txt";"1978";"evolution_pct";"augmentation";"58.0";"";"";"";"";"63";"e Premier ministre sur les inquiétudes tics rentiers viagers au sujet d 'un projet de soumission de revalorisation des rentes viagères de l 'i fat à leurs conditions de ressources. On fait état d'une augmentation des crédits cousaerés à cette reval :irisation de 58 p. 100 en trois ans, quand dans le"
"6_cri_1979-1980-ordinaire1_032.txt";"1979";"evolution_pct";"baisse";"8.3";"";"";"";"";"397";"augmenteront de 1,4 p. 100 en francs courants par rapport aux prévisions de l'année 1979 . Il n'est pas difficile de calculer que le volume de travaux et d'achats auquel cela cor• respond est donc en baisse de 8 à 9 p . 100 sur l'année précé- dente. Ainsi, une opération structurante aussi importante"
"6_cri_1979-1980-ordinaire1_032.txt";"1979";"evolution_pct";"baisse";"20.0";"";"";"";"";"452";"augmenteront de 1,4 p. 100 en francs courants par rapport aux prévisions de l'année 1979 . Il n'est pas difficile de calculer que le volume de travaux et d'achats auquel cela cor• respond est donc en baisse de 8 à 9 p . 100 sur l'année précé- dente. Ainsi, une opération structurante aussi importante"
"6_cri_1979-1980-ordinaire1_044.txt";"1979";"evolution_pct";"augmentation";"49.5";"";"";"";"";"332";"ons de francs en autorisations de programme pour contribuer au financement des infrastructures de la Guyane, dans le cadre du plan de développement de ce dépar- tement, et l'augmentation importante — 49,5 p. 100 — des crédits de paiement des deux sections du F . L D . O . M. qui devrait permettre un"
"6_cri_1979-1980-ordinaire1_045.txt";"1979";"evolution_pct";"accroissement";"40.0";"";"";"";"";"107";"9264 ASSEMBLEE NATIONALE — 2' SEANCE DU 31 OCTOBRE 1979 les encours soumis à réserve, de l'accroissement des crédits non encadrés. Celui-ci atteindra donc 20 à 30 p . 1.00 dès le 1 ."" novem- bre et 40 p. 100 à partir du 1"" janvier prochain. Or une telle évolution risque de toucher les crédits à l'ex"
"6_cri_1979-1980-ordinaire1_045.txt";"1979";"evolution_pct";"progression";"4.66";"";"";"";"";"218";"de garantie, ils devront conti- nuer à recevoir des aides de l'Etat en cas de calamité agricole. La commission m'a également chargé, monsieur le secrétaire d'Etat, de protester contre l'insuffisante progression des crédits destinés aux migrations. Votre budget, je le sais, n'est pas le seul à alimen"
"6_cri_1979-1980-ordinaire1_045.txt";"1979";"evolution_pct";"progression";"22.3";"";"";"";"";"391";"examen des dépenses affectées aux départements d'outre-mer par le projet de budget pour 1980 n'est guère réjouissant. Pour ce qui est des crédits plus particulièrement consacrés à votre ministère, la progression est faible. Leur volume demeure restreint. Ce n'est donc qu'en étudiant les budgets de t"
"6_cri_1979-1980-ordinaire1_045.txt";"1979";"evolution_pct";"augmentation";"1.9";"";"";"";"";"141";"postes revendiqués par les ressortis- sants des départements d'outre-mer ? Quant aux autres ministères, en dehors des P . T. T. --• 77 postes — l'évolution, qui se situe dans une fourchette de 1,1 à 1,9 p. 100, n'est pas significative. Au total, les dépenses civiles affectées aux départements d'outr"
"6_cri_1979-1980-ordinaire1_045.txt";"1979";"evolution_pct";"progression";"35.0";"";"";"";"";"58";"rre et que nous ne changerons pas de cap. L'intérêt croissant des autres ministères manifeste, également, la volonté du Gouvernement d'accentuer son effort en faveur des départements d'outre-nier. La progression des crédits qui leur seront consacrés atteint 35 p. 100 pour les ministères de fétu cati"
"7_cri_1981-1982-ordinaire1_070.txt";"1981";"evolution_pct";"augmentation";"12.0";"";"";"";"";"54";"départements et aux territoires d'outre-mer et sur ceux, plus particuliers, du dépar- tement de la Réunion. Nous devons d'abord exprimer un regret qui est sans doute le vôtre. C'est le faible taux d'augmentation des crédits affectés à votre ministère : 12 p. 100 seulement, soit à peine le niveau de "
"7_cri_1981-1982-ordinaire1_070.txt";"1981";"evolution_pct";"augmentation";"12.0";"";"";"";"";"348";"départements et aux territoires d'outre-mer et sur ceux, plus particuliers, du dépar- tement de la Réunion. Nous devons d'abord exprimer un regret qui est sans doute le vôtre. C'est le faible taux d'augmentation des crédits affectés à votre ministère : 12 p. 100 seulement, soit à peine le niveau de "
"7_cri_1982-1983-ordinaire1_057.txt";"1982";"evolution_pct";"diminution";"37.1";"";"";"";"";"313";". fonction publique dans le budget de l'Etat. En 1980 et 1981, l'ensemble des . dépenses induites a repré- senté 43,2 p. 109 du budget de l'Etat. En 1982, ce taux est tombé à 40,8 p. 100 — très nette diminution — du fait que les autres 'catégories des dépenses budgétaires se sont accrues davantage, "
"7_cri_1982-1983-ordinaire1_057.txt";"1982";"evolution_pct";"accroissement";"5.34";"";"";"";"";"101";"s pour 1983 prévoit que les effec- tifs' budgétaires passeront à ,2 519 780 -- plus 25 604, soit 1,03 p. 100. Par rapport aux effectifs budgétaires prévus par la loi de finances initiale pour 1981, l'accroissement que sanc- tionne le projet de budget pour 1983 s'établit à 127 750, c'est-à- dire plus"
"7_cri_1982-1983-ordinaire1_057.txt";"1982";"evolution_pct";"accroissement";"12.0";"";"";"";"";"88";"tre poursuivies sans relâche. Qmt'en est-il de ces objectifs dans le projet e.e budget que .-tous examinons ? Hélas, les chiffres permettent de porter un diagnostic sans appel ! Comme l'an dernier, l'accroissement des crédits est nettement inférieur à celui du budget général de 1'Etat : 12 p. 100 co"
"7_cri_1982-1983-ordinaire1_057.txt";"1982";"evolution_pct";"accroissement";"8.0";"";"";"";"";"125";"tre poursuivies sans relâche. Qmt'en est-il de ces objectifs dans le projet e.e budget que .-tous examinons ? Hélas, les chiffres permettent de porter un diagnostic sans appel ! Comme l'an dernier, l'accroissement des crédits est nettement inférieur à celui du budget général de 1'Etat : 12 p. 100 co"
"7_cri_1982-1983-ordinaire1_057.txt";"1982";"evolution_pct";"réduction";"14.0";"";"";"";"";"126";"I.1 est donc clair que le développement de l'outre-mer ne constitue plus une priorité dans l'ordre des préoccupations nationales. A observer ce budget de plus près, on ne peut qu 'être frappé par la réduction des ressources consacrées au développement des départements et territoires d'outre-mer . La"
"7_cri_1982-1983-ordinaire1_057.txt";"1982";"evolution_pct";"augmentation";"10.0";"";"";"";"";"265";"1982 6793 tariat d'Etat de 150 postes pour le service militaire adapté, précédemment inscrits dans le budget du ministère de la défense? S'agissant des dépenses d'investissement, l'affirmation d'une augmentation globale de 17,68 p. 100 en autorisations de pro- gramme ne me parait qu'un engagement fi"
"7_cri_1982-1983-ordinaire1_057.txt";"1982";"evolution_pct";"diminution";"17.68";"";"";"";"";"187";"de 150 postes pour le service militaire adapté, précédemment inscrits dans le budget du ministère de la défense? S'agissant des dépenses d'investissement, l'affirmation d'une augmentation globale de 17,68 p. 100 en autorisations de pro- gramme ne me parait qu'un engagement fictif car les crédits de "
"7_cri_1982-1983-ordinaire1_057.txt";"1982";"evolution_pct";"augmentation";"62.0";"";"";"";"";"214";"en 1981. Au total, 180,7 millions de francs ont été versés au cours des six premiers mois de cette année, contre 183,3 pour toute l'année 1981. Les cotisations ont couvert ces versements à hauteur de 62 p. 100 en 1981, ce qui pose à terme un problème de finan- cement, la participation de l'Etat étan"
"7_cri_1982-1983-ordinaire1_057.txt";"1982";"evolution_pct";"augmentation";"26.0";"";"";"";"";"92";"r toute l'année 1981. Les cotisations ont couvert ces versements à hauteur de 62 p. 100 en 1981, ce qui pose à terme un problème de finan- cement, la participation de l'Etat étant en principe égale à 26 p. 100, comme en métropole, et à 33 p . 100 en cas d'accroisse- ment des dépenses dû à l'augmenta"
"7_cri_1982-1983-ordinaire1_057.txt";"1982";"evolution_pct";"progression";"23.3";"";"";"";"";"175";"our 1983 correspondent à cinq actions : L'administration générale, c'est-à-dire essentiellement l'admi- nisir'ation centrale et les services extérieurs, absorbe, avec plus de 95,6 millions de francs, 23,3 p. 100 du montant total des dépenses. Les crédits consacrant la participation de l'Etat aux bud"
"7_cri_1982-1983-ordinaire1_057.txt";"1982";"evolution_pct";"augmentation";"8.3";"";"";"";"";"64";"la régression des ci'. lit, iu Bureau de recherches géolo- giques et minières .. En réponse à une question récente, le ministre d'Etat, ministre de la recherche et de l'industrie, reconnaissait que l'augmentation des crédits alloués au B. R. G. M. serait limité à 8,3 p. 100 dans la loi de finances p"
"7_cri_1982-1983-ordinaire1_057.txt";"1982";"evolution_pct";"augmentation";"30.0";"";"";"";"";"149";"la régression des ci'. lit, iu Bureau de recherches géolo- giques et minières .. En réponse à une question récente, le ministre d'Etat, ministre de la recherche et de l'industrie, reconnaissait que l'augmentation des crédits alloués au B. R. G. M. serait limité à 8,3 p. 100 dans la loi de finances p"
"7_cri_1982-1983-ordinaire1_057.txt";"1982";"evolution_pct";"progression";"8.0";"";"";"";"";"255";"pas entendu ce conseil ! Tandis que le budget de l'Etat augmente officiellement et globalement de 11,8 p . 100 — en fait, on l'a démontré, de 14 p . 100 — le nôtre n'enregistre qu'une progression de 8 p. 100, que le rapporteur a qualifiée de modeste. Elégant euphémisme puisque, en francs constants, "
"7_cri_1982-1983-ordinaire1_057.txt";"1982";"evolution_pct";"progression";"8.4";"";"";"";"";"467";"gant euphémisme puisque, en francs constants, le volume du crédit de l 'Etat mis à notre disposition ne sera pas maintenu à niveau, comme aurait dit le Premier ministre. Et encore, pour obtenir cette progression médiocre, il vous a fallu sonner le rappel de cer- tains crédits qui, d'ordinaire, sont "
"7_cri_1982-1983-ordinaire1_057.txt";"1982";"evolution_pct";"diminution";"4.39";"";"";"";"";"110";"ours d'année, le ministre du budget peut les réduire d'un trait de plume. C'est ce qu 'il vient de faire il y a quelques jours, presque à la sauvette. Mais ce qui est plus grave, très grave, c'est la diminution catastrophique en francs constants des crédits de paiement. Vous ne prévoyez qu'une progr"
"7_cri_1982-1983-ordinaire1_057.txt";"1982";"evolution_pct";"accroissement";"1.75";"";"";"";"";"280";"gramme augmentent, mais les crédits de paiement diminuent. En revanche, le S . M. A., accusé depuis vingt ans d'être un des signes extérieurs de l'impérialisme français, voit augmenter ses crédits de 175 p. 100 en autorisations de programme et de 150 p. 100 en crédits de paiement . Je dis bravo ! Ma"
"7_cri_1982-1983-ordinaire1_057.txt";"1982";"evolution_pct";"accroissement";"1.5";"";"";"";"";"233";"diminuent. En revanche, le S . M. A., accusé depuis vingt ans d'être un des signes extérieurs de l'impérialisme français, voit augmenter ses crédits de 175 p. 100 en autorisations de programme et de 150 p. 100 en crédits de paiement . Je dis bravo ! Mais peut-on 'savoir de combien ont augmenté les c"
"7_cri_1982-1983-ordinaire1_057.txt";"1982";"evolution_pct";"augmentation";"25.0";"";"";"";"";"118";"Enfin, vous me permettrez, monsieur le secrétaire d'Etat, d'exprimer mes préoccupations concernant l'amputation des crédits figurant dans la loi de finances initiale pour 1982, qui ont été réduits de 25 p. 100 en autorisations de programme et en mesures nouvelles de crédits de paiement . Ces annulat"
"7_cri_1982-1983-ordinaire1_057.txt";"1982";"evolution_pct";"augmentation";"10.7";"";"";"";"";"476";"août 1982, malgré la fin de l'année scolaire, le nombre de demandes d'emploi a reculé de 19 p . 100 par rapport à août 1981. Le nombre de demandes d'emploi non satisfaites, qui est de 30355, recul de 10,7 p. 100 en un an. M. Jean Fontaine . Ces chiffres n'ont aucun sens ! M. Wilfrid Bertile. Le temp"
"7_cri_1983-1984-ordinaire1_076.txt";"1983";"evolution_pct";"progression";"1.4";"";"";"";"";"223";"nt de la recher- che d'une maîtrise accrue des finances publiques, gage d'un nou- veau départ de notre économie sur des bases assainies . C'est ainsi que le, crédits de paiement ne progressent que de 1,4 p. 100, tandis que les autorisations de programme sont pratiquement stabilisées à leur niveau de"
"7_cri_1983-1984-ordinaire1_076.txt";"1983";"evolution_pct";"progression";"0.3";"";"";"";"";"89";"s . C'est ainsi que le, crédits de paiement ne progressent que de 1,4 p. 100, tandis que les autorisations de programme sont pratiquement stabilisées à leur niveau de 1983, puisqu'elles augmentent de 0,3 p. 100. Si les crédits de paiement consacrés aux dépenses ordinaires connaissent une progression"
"7_cri_1983-1984-ordinaire1_076.txt";"1983";"evolution_pct";"augmentation";"4.8";"";"";"";"";"244";"us particulièrement consa- crés aux départements d'outre-mer, qui sont inscrits à la deuxième section du fascicule budgétaire, les dépenses ordinaires et les autorisations de programme progressent de 4,8 p. 100. L'essentiel de ces crédits est, comme l'an dernier, consacré au fond d'investissement po"
"7_cri_1983-1984-ordinaire1_076.txt";"1983";"evolution_pct";"diminution";"13.6";"";"";"";"";"218";"ectivité accrue bénéficie également à l'agence nationale pour l'insertion et la promotion des travailleurs d'outre-mer, dont l'utilité n'est plus à démontrer et dont les crédits, en augmen- tation de 13.6 p. 100, atteindront l'an prochain près de 80 mil- lions de francs. Pour la section consacrée au"
"7_cri_1983-1984-ordinaire1_076.txt";"1983";"evolution_pct";"progression";"6.3";"";"";"";"";"483";"affectés aux territoires d'outre-mer et inscrits au budget du secrétariat d'Etat. Par rapport au budget voté pour 1983, ce chiffre traduit une progression de 6,3 p . 100, soit précisément le taux de progression des charges à caractère définitif de l'Etat pour 1984 . C'est dire que les crédits du sec"
"7_cri_1983-1984-ordinaire1_076.txt";"1983";"evolution_pct";"hausse";"1.25";"";"";"";"";"83";"ation centrale et des services extérieurs, progressent de 6,3 p. 100 La participation de l'Etat aux budgets des collectivités locales des territoires d'outre-mer approche 155 millions de francs, en hausse de 6,5 p. 100 Les crédits de l'action sociale et culturelle augmentent de 125 p. 100 en raison "
"7_cri_1983-1984-ordinaire1_076.txt";"1983";"evolution_pct";"hausse";"6.2";"";"";"";"";"276";"ation centrale et des services extérieurs, progressent de 6,3 p. 100 La participation de l'Etat aux budgets des collectivités locales des territoires d'outre-mer approche 155 millions de francs, en hausse de 6,5 p. 100 Les crédits de l'action sociale et culturelle augmentent de 125 p. 100 en raison "
"7_cri_1983-1984-ordinaire1_076.txt";"1983";"evolution_pct";"augmentation";"6.5";"";"";"";"";"212";"rale et des services extérieurs, progressent de 6,3 p. 100 La participation de l'Etat aux budgets des collectivités locales des territoires d'outre-mer approche 155 millions de francs, en hausse de 6,5 p. 100 Les crédits de l'action sociale et culturelle augmentent de 125 p. 100 en raison de la créa"
"7_cri_1984-1985-ordinaire1_039.txt";"1984";"evolution_pct";"baisse";"22.0";"";"";"";"";"499";"84 ressent tout particulièrement la Polynésie . Le chiffre de 1985 cet en baisse de 12100000 francs, soit 18 p. 100 par rapport au chiffre voté pour 1984, soit encore une baisse réelle supé- rieure à 22 p. 100 si l'on considère que ce crédit sert unique- ment à la rémunération des fonctionnaires de "
"7_cri_1984-1985-ordinaire1_039.txt";"1984";"evolution_pct";"baisse";"37.0";"";"";"";"";"298";"ante fonctionnaires. Au cours de cette année, la rigueur imposée par votre collègue des finances vous a déjà obligé à renoncer à la relève de cinq médecins et de quinze enseignants . Avec la nouvelle baisse de moyens que vous annoncez, monsieur le secrétaire d'Etat, combien de médecins, combien d'en"
"7_cri_1984-1985-ordinaire1_039.txt";"1984";"evolution_pct";"progression";"40.0";"";"";"";"";"370";"le F . I . I) O . M. qui est chez nous votre principale inter- vention. Et à ce propos je Joie vous dire que, probablement à l'inverse de la plupart de mes call `Élues, je suis inquiet . En effet, la progression du F . 1 D . O . M . est due en bonne partie à l'apparition rdens la nomenclature d'une "
"7_cri_1984-1985-ordinaire1_039.txt";"1984";"evolution_pct";"progression";"11.0";"";"";"";"";"428";"le F . I . I) O . M. qui est chez nous votre principale inter- vention. Et à ce propos je Joie vous dire que, probablement à l'inverse de la plupart de mes call `Élues, je suis inquiet . En effet, la progression du F . 1 D . O . M . est due en bonne partie à l'apparition rdens la nomenclature d'une "
"8_cri_1986-1987-ordinaire1_065.txt";"1986";"evolution_pct";"progression";"0.9";"";"";"";"";"58";"86 millions, de plus de 50 p. 100. Il s'agit là d'un effort extrêmement important et d 'autant plus remarquable qu'il intervient dans un contexte d'éco- nomies budgétaires rigoureuses qui ont que la progression des dépenses civiles de l'Etat sera limitée à 0.9 p. 100 l'an prochain. En d 'autres term"
"8_cri_1986-1987-ordinaire1_065.txt";"1986";"evolution_pct";"progression";"0.9";"";"";"";"";"270";"86 millions, de plus de 50 p. 100. Il s'agit là d'un effort extrêmement important et d 'autant plus remarquable qu'il intervient dans un contexte d'éco- nomies budgétaires rigoureuses qui ont que la progression des dépenses civiles de l'Etat sera limitée à 0.9 p. 100 l'an prochain. En d 'autres term"
"8_cri_1986-1987-ordinaire1_065.txt";"1986";"evolution_pct";"augmentation";"50.0";"";"";"";"";"284";"épartements et collectivités territoriales d'outre-mer, les crédits de paie- ment, avec 955 millions, progressent de plus de 17 p, 100 et les autorisations de programme, avec 586 millions, de plus de 50 p. 100. Il s'agit là d'un effort extrêmement important et d 'autant plus remarquable qu'il interv"
"8_cri_1986-1987-ordinaire1_085.txt";"1986";"evolution_pct";"progression";"40.0";"";"";"";"";"68";"er. Mora- lité, un certain nombre de décisions rapides sont à prendre, et je vais vous en donner quelques exemples. Grâce à la solidarité gouvernementale, nous avons béné- ficié d'une augmentation de 40 p. 100 des crédits du loge- ment pour 1987. C'est la plus grande progression connue d'une année s"
"8_cri_1986-1987-ordinaire1_090.txt";"1986";"evolution_pct";"réduction";"58.0";"";"";"";"";"215";"notamment Colôn et les Antilles néerlandaises, qui est la plus impor- tante, ce qui risgtie de réduire le caractère attractif de ce sys- tème. C'est un peu comme la réforme de M. Balladur abaissant à 58 p. 100 le taux de la tranche supérieure de l'impôt sur le revenu, alors que les Etats-Unis l'ont "
"8_cri_1986-1987-ordinaire1_090.txt";"1986";"evolution_pct";"progression";"8.3";"";"";"";"";"144";"de budget pour 1987 tra- duit de la part de l ' Etat la volonté de diminuer sa pression fiscale, on ne peut pas faire le même constat pour les collec- tivités locales. Quelques chiffres illustrent la progression inquiétante de cette pression fiscale : en 1983, le rythme d'augmentation de la fiscalit"
"8_cri_1986-1987-ordinaire1_090.txt";"1986";"evolution_pct";"progression";"10.12";"";"";"";"";"169";"de budget pour 1987 tra- duit de la part de l ' Etat la volonté de diminuer sa pression fiscale, on ne peut pas faire le même constat pour les collec- tivités locales. Quelques chiffres illustrent la progression inquiétante de cette pression fiscale : en 1983, le rythme d'augmentation de la fiscalit"
