"fichier";"annee";"nature";"valeur";"score";"confiance";"contexte"
"2_cri_1964-1965-ordinaire1_021.txt";"1964";"etat";"1965.0";"5";"moyen";"t indiqué les rapporteurs, pure- ment et simplement d'un transfert de crédits provenant du ministère des armées ? J 'en arrive donc au titre IV, concernant les interventions publiques. Le ministère d'Etat chargé des départements d'outre-mer dispo- sera, en 1965, d'une somme de 14 .500.000 francs pou"
"2_cri_1964-1965-ordinaire1_021.txt";"1964";"etat";"1962.0";"2";"large";"92 francs en 1962, soit une augmentation de plus de 550 p. 100 en moins de deux années. Pour illustrer l'importance des mesures ainsi mises en place, j'indiquerai que les dépenses d'aide sociale de l'Etat sont passées de 65 millions de francs en 1962 à 80 millions de francs environ en 1963, soit une"
"2_cri_1964-1965-ordinaire1_021.txt";"1964";"collectivites";"1962.0";"0";"large";"art, une sous-préfecture territoriale est créée à la Trinitié, dans le département de la Martinique . Comme vous vous en souvenez, la commission interministérielle chargée de l'étude des finances des collectivités locales, qui s'était réunie à la fin de 1962, avait constaté que la tâche de tutelle e"
"2_cri_1964-1965-ordinaire1_021.txt";"1964";"europe";"1963.0";"0";"large";"sionnelle . Pourquoi faut-il que les pouvoirs publics persistent à laisser subsister des discriminations entre ces productions nationale_ compicmentaires ? Une décision du conseil des ministres de la Communauté économique européenne, prise en décembre 1963, a amené la commission de Bruxelles à adopt"
"2_cri_1966-1967-ordinaire1_021.txt";"1966";"etat";"1963.0";"0";"large";"n Guadeloupe est, bien sûr, l'objet de mes plus grandes préoccupations. Déjà endommagée en 1963, la bana- neraie guadeloupéenne a été anéantie à 100 p. 100 par le cyclone. Grâce à l'intervention de l'Etat, et à la suite d'efforts méri- toires, la Guadeloupe a pu, depuis 1963, reprendre peu à peu sa "
"2_qst_2-qst-1964-09-12.txt";"1964";"etat";"1368.0";"3";"large";"it une irrégularité, il lui appartiendrait de soumettre le litige à l 'appréciation des tribu- naux judiciaires. DEPARTEMENTS ET -TERRITOIRES D'OUTRE-MER 398. — M. Cerneau expose à M . le ministre d 'Etat chargé des départements et territoires d 'outre-mer que la loi n"" 60-1368 du 21 décembre 1960 f"
"3_cri_1967-1968-ordinaire1_037.txt";"1967";"etat";"2240000.0";"5";"moyen";"ux voix le titre III de l 'état B concernant les dépar- tements d'outre-mer, au chiffre de 6.746 .484 francs. (Ce titre, mis aux voix, est adopté.) M . le pr.sident. Je mets aux voix le titre IV de l'état B concer- nant les départements d'outre-mer, au chiffre de 2.240.000 francs. (Ce titre, mis aux"
"3_cri_1967-1968-ordinaire1_037.txt";"1967";"collectivites";"1967.0";"0";"large";". M. Cerneau s'est plaint que je n'aie pu encore résoudre des problèmes que je connais bien pour les avoir étudiés sur place, et notamment celui de la sécheresse de la région Sud de la Réunion. Cette région a effectivement souffert clans les six premiers mois de 1967 d'une sécheresse marquée. Par ar"
"4_cri_1968-1969-ordinaire1_050.txt";"1968";"etat";"750.0";"11";"strict";"ETAT C Répartition des autorisations de programme et des crédits de paiement applicables aux dépenses en capital des services civils. (Mesures nouvelles.) TITRE V . — INVESTISSEMENTS EXÉCUTÉS PAR L 'ETAT e Autorisations de programma, 750.000 francs e Crédits de paiement, 750 .000 francs. » TITRE VI "
"4_cri_1968-1969-ordinaire1_050.txt";"1968";"etat";"1969.0";"8";"proche";"e l'union des démocrates pour la République st sur divers bancs.) 4248 ASSEIIBLEE NATIONALE — S' SEANCE DU 9 NOVEMI31iE 1968 M. Jean-Paul dé Roeca Serra, rapporteur spécial. Monsieur le secrétaire d'Etat, mes chers collègues, dans le projet de budget pour 1969, les crédits des départements d'outre-m"
"4_cri_1968-1969-ordinaire1_050.txt";"1968";"etat";"9650000.0";"9";"proche";"édits inscrits .pour 1969, 850.000 francs seulement, ne permettra pas de lui donner une ampleur suffisante. J'en arrive maintenant aux crédits d'équipement . Les crédits de paiement du secrétariat d 'Etat progressent de 9.650.000 francs par rapport à 1968, et les autorisations de programme diminuent"
"4_cri_1968-1969-ordinaire1_050.txt";"1968";"etat";"250.0";"7";"proche";"arme, car l 'expérience prouve que sans moyens financiers massifs, concentrés dans le temps, la création d'un organe nouveau ne conduit qu'à un gaspillage inutile de crédits. Monsieur le secrétaire d'Etat, que fera de ce maigre crédit de 250.000 francs cette mission, encore sans chef, compte tenu de"
"4_cri_1968-1969-ordinaire1_050.txt";"1968";"etat";"1960.0";"5";"moyen";"la République et sur divers autres bancs .) M. le président. La parole est à M. Helène, dernier orateur inscrit . (Applaudissements sur les mêmes bancs .) M. Léopold Helène. Monsieur le secrétaire d'Etat, mes chers collègues, depuis mon retour au pays natal en 1960, après dix années d'exercice de la"
"4_cri_1968-1969-ordinaire1_050.txt";"1968";"etat";"1971.0";"10";"strict";"or Rivierez. Je désire simplement signaler à ceux qui ne le savent peut-être pas que la taxe spéciale prévue à l'article 73 n'a rien à voir avec la T. V. A. Je vous remercie, monsieur le secrétaire d'Etat, d'avoir reporté l'application de cette taxe au 1"" janvier 1971. Mais ce rendez- vous, je ne pe"
"4_cri_1968-1969-ordinaire1_050.txt";"1968";"etat";"1967.0";"4";"moyen";"de l'éducation nationale sur la lettre ministérielle en date du 16 mai 1968, lettre qui rappelle que ° les commissions paritaires des instituteurs ont été déclarées illégales par l'arrêt du Conseil d'Etat en date du 22 février 1967 et que, en conséquence, il n'est pas possible de les réunir à ce tit"
"4_cri_1968-1969-ordinaire1_050.txt";"1968";"collectivites";"1968.0";"7";"proche";"le du Premier ministre, ce qui constitue une promotion des départements d 'outre-mer. C'est ainsi que le montant des crédits programmés par le F. I. D. O. M. — fonds d'investissement spécifique à ces régions — atteint, en fin 1968, 55 p . 100 des prévisions pour les quatre départements d'outre-mer. "
"4_cri_1968-1969-ordinaire1_050.txt";"1968";"europe";"1968.0";"5";"moyen";"st défavorable. Quant aux exportations, elles ont diminué de 11 p. 100. On note avec satisfaction, cependant, que la production sucrière des départements d'outre-mer est complètement intégrée dans la Communauté économique européenne depuis le 1•' jan- vier 1968 et que des projets de règlements sur l"
"4_cri_1969-1970-ordinaire1_033.txt";"1969";"etat";"1970.0";"5";"moyen";"s pour 1970 comporte une augmentation des crédits de bourses des enseignements secondaire et supérieur de 21,6 p. 100 par rapport à 1969. Après les relèvement auxquels il a été procédé le budget de l'Etat supportera encore en 1970 une charge d'environ un demi-milliard de francs au titre des dépenses"
"4_cri_1970-1971-ordinaire1_023.txt";"1970";"etat";"1956.0";"3";"large";"profit de ces quelques dizaines ou centaines de citoyens français . Mais, quelque temps plus tard, considérant que seul un texte législatif permettrait la création d'un titre semblable, le Conseil d'Etat annulait l'arrêté précité et, depuis 1956, c'est-à-dire depuis quatorze ans, ce problème est res"
"4_cri_1970-1971-ordinaire1_023.txt";"1970";"collectivites";"820.0";"6";"moyen";"e militaire adapté au profit des collec- tivités locales. Les mesures nouvelles concernent aussi les migrations qui, avec 1 .300.000 francs, pourront atteindre 9.500 personnes, et les subventions aux collectivités locales, avec un complément de 820.000 francs. Dans les dépenses en capital, les autor"
"4_cri_1970-1971-ordinaire1_023.txt";"1970";"europe";"1968.0";"9";"proche";"orteur pour anis. Je le voudrais bien! M. Victor Sablé . Je m'en doutais. Je signale cependant -- et c 'est en cela que nos intérétc sont contraires, mon cher collègue — que l'article 5 (lu règlement européen du 26 novembre 1968 cons- titue un obstacle à ce démantèlement du patrimoine martiniquais p"
"4_cri_1970-1971-ordinaire1_060.txt";"1970";"etat";"1957.0";"3";"large";"ité interministériel pour l'information nous révèle que les handicapés ont trouvé dans la fonction publique moins de possibilités de reclassement que dans le secteur privé : il serait paradoxal que l'Etat ne donnât pas l'exemple de l'appli- cation de la loi du 23 novembre 1957 ! Tous ces traits que "
"4_cri_1970-1971-ordinaire1_065.txt";"1970";"europe";"1970.0";"7";"proche";"t être considérée comme contradictoire avec la politique suivie en matière d'assainissement du verger comm't'1antaire car il a semblé équitable, dans des cas très spéciaux de permettre aux pays de la Communauté ayant déjà engagé des crédits nationaux avant le 1"" mai 1970 pour la plantation de verger"
"4_cri_1971-1972-ordinaire1_024.txt";"1971";"etat";"1967.0";"7";"proche";"uire les liales versées dans les départements d'outre-mer. 4900 ASSEMBLEE NATIONALE SEANCE DU 26 OCTOBRE 1971 Enfin, la mise en oeuvre de toutes les possibilités offertes M. Pierre Messmer, ministre d'Etat charge des départements par la loi du 28 décembre 1967 relative à la régulation des nais- et t"
"4_cri_1971-1972-ordinaire1_024.txt";"1971";"etat";"1971.0";"5";"moyen";"a c u o v u e r g b a e rd d e e r c c e e t t t t e e p ac ro ti d v u it c é t i e o s n s , e n en - meilleur aménagement des dispositions financières, mais aussi, dépit du concours financier de l'Etat, est tombée en 1971 à j'en suis sûr, à l'autorité personnelle du ministre d'Etat. 28.000 tonnes"
"4_cri_1971-1972-ordinaire1_024.txt";"1971";"collectivites";"1946.0";"4";"moyen";"loupe. que la départementalisation, qui a ses ombres, mais combien Mesdames, messieurs — et ce sera ma conclusion — les riva- moins épaisses que celles du régime qui était en vigueur avant lités entre régions dans l'hexagone n'ont pas altéré la volonté du 1946, ombres que, d'ailleurs, la régionalisa"
"4_cri_1971-1972-ordinaire1_067.txt";"1971";"etat";"1970.0";"4";"moyen";"Ponts et chaussées. 21003. — 19 novembre 1971 . — M. Gilbert Faure appelle l'atten- tion de M . le ministre de l'équipement et du logement sur les modalités d'application de la décision du Conseil d 'Etat en date du 6 janvier 1970 aux ouvriers des parcs et chantiers des ponts et chaussées . Il lui f"
"4_cri_1972-1973-ordinaire1_063.txt";"1972";"etat";"1958.0";"3";"large";"e de mobilité des jeunes (n°' 2611, 2642). La parole est à M. Stirn, rapporteur de la commission des affaires culturelles, familiales et sociales. M. Olivier Stirn, rapporteur. Monsieur le ministre d'Etat, mes chers collègues, depuis 1958, le système français de garantie de l'emploi n'â cessé de s'a"
"4_qst_4-qst-1969-02-15.txt";"1969";"etat";"1968.0";"3";"large";"ent, des charges sociales qu 'ils doivent supporter à raison des salaires versés à leur personnel. D'après les indications données à l'Assemblée nationale, le 18 octobre 1968, par Mme le secrétaire d'état aux affaires sociales, il était prévu pour le 7 novembre 1968 une réunion destinée à faire la s"
"4_qst_4-qst-1969-02-15.txt";"1969";"collectivites";"1968.0";"3";"large";"éclame. 4005. — 13 février 1969. — M . Robert Ballanger signale à M. le ministre de l'économie et des finances que sur ses instructions, il a été décidé, à la suite de la réforme administrative de la région parisienne, d 'étendre pour 1968, au calcul des principaux fictifs des communes de l'ancien d"
"4_qst_4-qst-1969-08-23.txt";"1969";"recettes_propres";"1969.0";"5";"moyen";"e suite il entend réserver aux voeux émis par l'assemblée générale des caisses d'assurance vieillesse artisanale, qui portent sur les points suivants : 1° maintien pour l'année 1970, du même taux des cotisations d 'assurance vieillesse que pour l'année 1969 2"" allocation minimale nationale uniforme "
"4_qst_4-qst-1971-07-10.txt";"1971";"etat";"1971.0";"4";"moyen";"que provisoire et une amélioration des délais de paiement des prestations devrait se faire sentir progressivement, dans un proche avenir. Censure. 18584. — M. Pierre Villon expose à M . le ministre d'Etat chargé de la défense nationale qu 'au cours du débat du 11 mai 1971, page 1793. certains membre"
"4_qst_4-qst-1971-07-10.txt";"1971";"etat";"1970.0";"4";"moyen";": Ju contingent. C1uestion du 9 juin 1971 .) Réponse. — Les mesures à prendre en matière de régime de permission ont un caractère réglementaire cette position résulte d'un décret pris en Conseil d'Etat le 23 décembre 1970 et vient d'être confirmée par le Parlement au cours du vote de la loi portant "
"4_qst_4-qst-1971-07-10.txt";"1971";"etat";"10834.0";"6";"moyen";"es droits à congés des fonctionnaires seraient déterminés par leur catégorie et non plus par le lieu de leur recrutement. Assurances sociales agricoles. 18431. — M. Fontaine expose à M. le ministre d'Etat chargé des départements et territoires d'outre-mer qu 'à sa question écrite n"" 10834 du 21 mars"
"4_tnominative_1968-1973_tnominative_IO.txt";"1968";"etat";"1968.0";"4";"moyen";"on de certaines dispositions du Livre ler du Code rural dans les départements de la Gua- deloupe, de la Martinique, de la Réunion et de la Guyane : Ses observations sur ce texte position du Conseil d'Etat projet de loi sur le « régime des eaux» [28 novembre 1968] (p . 4944) colonat partiaire (p. 494"
"4_tnominative_1968-1973_tnominative_IO.txt";"1968";"etat";"1968.0";"6";"moyen";"ssources des commu- nes ressources de la section générale du F.I.D.E.S. aide de l'administration aux com- munes objectif étant de situer les respon- sabilités des communes du territoire et de l'Etat à leur niveau respectif [9 décembre 1968] (p. 5221, 5222) son opposition à la question préalable (p ."
"5_cri_1973-1974-ordinaire1_014.txt";"1973";"etat";"1971.0";"7";"proche";"ns nécessaires pour donner enfin une réponse équi- table aux principaux problèmes qui intéressent plusieurs milliers d 'établissements privés et qui concernent notamment : 1 "" le finance- ment par l 'Etat conformément à la loi du 16 juillet 1971 de la formation permanente qui intéresse 90 .000 maltr"
"5_cri_1973-1974-ordinaire1_032.txt";"1973";"etat";"675.0";"10";"strict";"a ETAT C Répartition des autorisations de programme et des crédits de paiement applicables aux dépenses en capital des services civils (mesures nouvelles). TITRE V. — INVESTISSEMENTS EXÉCUTÉS PAR L ' ETAT e Autorisations de programme : 675.000 francs. a TITRE VI . — SUBVE7 rrlONS D' INVESTISSEMENT A"
"5_cri_1973-1974-ordinaire1_032.txt";"1973";"etat";"207560000.0";"10";"strict";"es services civils (mesures nouvelles). TITRE V. — INVESTISSEMENTS EXÉCUTÉS PAR L ' ETAT e Autorisations de programme : 675.000 francs. a TITRE VI . — SUBVE7 rrlONS D' INVESTISSEMENT ACCORDÉES PAR L 'ETAT e Autorisations de programme : 207.560.000 francs e Crédits de paiement : 120.380.000 francs. a"
"5_cri_1973-1974-ordinaire1_088.txt";"1973";"etat";"1970.0";"5";"moyen";"nistère des finances 3"" si le fait d'avoir une résidence en France modifie le principe de l'exonération du paiement de l 'impôt. Réponse. — 1°, 2"", 3°. Conformément à la jurisprudence du Conseil d 'Etat (notamment arrêt du 5 mai 1970, req. n° 76.037), les salariés qui exercent, pendant plusieurs ann"
"5_cri_1974-1975-ordinaire1_046.txt";"1974";"etat";"1975.0";"9";"proche";"rra, rapporteur spécial de la commission des finances, de l'économie générale et du Plan, pour les départements d'outre-mer . M. Jean-Paul de Rocca Serra, rapporteur spécial . Mesdames, messieurs, le budget général de la France pour 1975, tel qu'il est proposé en raison des contingences inflationnis"
"5_cri_1974-1975-ordinaire1_046.txt";"1974";"etat";"10000.0";"5";"moyen";"sister beaucoup sur ce point, considère qu'il s'agit là d'une anomalie extraordinaire sur laquelle je demande au Gouverne- ment de se pencher . Pensez-vous qu'il soit normal, monsieur le secrétaire d'Etat, que 10 000 Français des départements d'outre- mer soient accueillis en métropole chaque année,"
"5_cri_1974-1975-ordinaire1_046.txt";"1974";"etat";"1975.0";"8";"proche";"s essentiellement à accroitre le nombre de classes maternelles dont le besoin m'était apparu plus pressant que d'autres au cours de mes voyages dans ces départements. Les subventions du secrétariat d'Etat aux universités permet- tront aussi, en 1975, de poursuivre la réalisation d'équipements import"
"5_cri_1974-1975-ordinaire1_046.txt";"1974";"etat";"1970.0";"5";"moyen";"mploi en métropole sont au centre des préoccupations du Gouvernement. Pour ce qui est du tourisme, qui n 'est certes pas une panacée — et vous avez eu bien raison de le dire, monsieur le secrétaire d'Etat — je me bornerai à citer un extrait du rapport présenté en 1970 par M. Louis Sailé au nom de la"
"5_cri_1975-1976-ordinaire1_058.txt";"1975";"etat";"1974.0";"3";"large";"s forte d'Europe . La France, seul pays producteur de la Communauté, a dû. en conséquence, organiser son économie bananière autour de cette dérogation exorbitante. Mais une récente circulaire faisant état de l'arrêt Charmasson rendu le 28 juin 1974, contre l'avis des experts, par la Cour de justice "
"5_cri_1975-1976-ordinaire1_058.txt";"1975";"etat";"1975.0";"4";"moyen";"impréparation. Qu'on en juge : pour implanter dans cette terre difficile, soumise au climat équatorial, plusieurs milliers de Français de métropole ou d'outre-mer, vous avez, monsieur le secrétaire d'Etat, demandé le 21 août 1975 au service du B . D. P. A. de Paris deux études : l'une doit vous être"
"5_cri_1975-1976-ordinaire1_058.txt";"1975";"etat";"1975.0";"5";"moyen";"exemple que j'incite nos collègues à suivre. M. Guy Ducoloné. Il n'a fait que tripler son temps de parole ! M. le président . La parole est à M. Riviérez. M. Hector Riviérez, Monsieur le secrétaire d'Etat, l'année 1975 a été dominée par le bond qui a été fait sur le plan de .'a départementalisation "
"5_cri_1975-1976-ordinaire1_058.txt";"1975";"etat";"10000.0";"4";"moyen";"landaise, devenue le Surinam, peuplée de 419 000 habitants. on comprend la nécessité d'un peuplement pour le développement économique de la Guyane française. Vous avez parlé, monsieur le secrétaire d'Etat, de la création de 10 000 emplois en cinq ans . Eeidemment, pareille déclaration a produit un c"
"5_cri_1975-1976-ordinaire1_058.txt";"1975";"etat";"1976.0";"4";"moyen";"l'occurrence, il avait fait montre d'un esprit spéculatif au détriment des Français qui sont allés mourir en Guyane, et nous en subissons encore les conséquences aujourd'hui. Monsieur le secrétaire d'Etat, qu'allez-vous faire en 1976 ? Qu nd ces émigrés partiront-ils, comment et pourquoi ? Il n'est "
"5_cri_1975-1976-ordinaire1_058.txt";"1975";"etat";"1976.0";"5";"moyen";"nsferts, mais celui des politiques à mettre en oeuvre. des perspectives à moyen et à long terme à tracer ainsi que du cadre administratif dans lequel elles s'exercent. Ainsi, monsieur le secrétaire d'Etat, rien dans votre projet de budget pour 1976 ne permet d'inférer que seront tenues les promesses"
"5_cri_1975-1976-ordinaire2_035.txt";"1975";"etat";"1976.0";"5";"moyen";"blissements qui étaient en grève. Si elle connaît, certes, la fin normale d'un certain nombre de chantiers de travaux publics, d'autres se sont ouverts ou vont s'ouvrir, les seules interventions de l'Etat en 1976 devant s'élever à 114 mil- lions de francs dans le secteur du bâtiment et 54 millions d"
"5_cri_1976-1977-ordinaire1_061.txt";"1976";"etat";"1977.0";"10";"strict";"s au Journal officiel. -4 MISE AU POINT AU SUJET D'UN VOTE M. le président. La parole est à M. Duroure. M. Roger Duroure . Dans le scrutin n° 403 du 15 novembre 1976 sur les crédits du titre III de l'état B du projet de loi de finances pour 1977 — budget du travail — mon collègue Alain Bonnet a été "
"5_cri_1976-1977-ordinaire1_061.txt";"1976";"etat";"1339.0";"8";"proche";"tisée par un programme d'action prioritaire dont la première année d'exécution s'annonce relativement conforme à l'échéancier initial. Pour les deux premières années d'exécution, la contribution de l'Etat aura été de 564 millions de francs sur les 1 339 millions de francs prévus pour les cinq ans, s"
"5_cri_1976-1977-ordinaire1_062.txt";"1976";"etat";"2000.0";"5";"moyen";"nvestissaient leurs capitaux dans des affaires métropolitaines, à développer de petites entreprises locales qui emploient de vingt à trente ouvriers. En deux ans, à ia Martinique, l'aide normale de l'Etat a permis de créer plus de 2 000 emplois dans des entreprises très diverses et d'ailleurs parfoi"
"5_cri_1976-1977-ordinaire2_024.txt";"1976";"etat";"1973.0";"10";"strict";"utaires de la caisse nationale de retraites des agents des collectivités locales les dispositions énoncées à l'article 12 de la loi n"" 73-1128 du 21 décembre 1973 en faveur des fonction- naires de l 'Etat, dispositions entrées en vigueur le 25 décembre 1973. Il lui souligne que le susdit décret a, s"
"5_cri_1976-1977-ordinaire2_024.txt";"1976";"collectivites";"1128.0";"7";"proche";"3. — 4 mai 1977. — M. Durieux expose à M. le Premier ministre (Fonction publique) que le décret n° 74-844 du 7 octobre 1974 a étendu aux tributaires de la caisse nationale de retraites des agents des collectivités locales les dispositions énoncées à l'article 12 de la loi n"" 73-1128 du 21 décembre 1"
"5_cri_1976-1977-ordinaire2_051.txt";"1976";"etat";"1974.0";"3";"large";"e l 'Etat au régime local d 'assurance accidents agricoles en vigueur dans les départe . monts du Rhin et de la Moselle n'est toujours pas résolu . Elle souligne que la participation financière de l 'Etat à ce régime est toujours au même niveau qu 'en 1974, alors que les charges des caisses d 'assur"
"5_cri_1977-1978-ordinaire1_035.txt";"1977";"etat";"1977.0";"6";"moyen";"troi de mer pour alimenter les finances locales qui ne couvraient, jusqu'à la prise en charge directe par l'Etat, qu'une part très faible de la rémunération des fonctionnaires. L'aide financière de l'Etat, déjà importante en 1977, le sera encore davantage en 1978. En effet, le premier budget de ce d"
"5_cri_1977-1978-ordinaire1_035.txt";"1977";"etat";"1976.0";"6";"moyen";"ortante en 1977, le sera encore davantage en 1978. En effet, le premier budget de ce département, arrêté d'office par décision ministérielle du 13 mars dernier, accusait un déficit de 21 millions . L'Etat avait prévu, en 1976, une subvention de 5 100 000 francs . La subvention sera doublée en 1978 e"
"5_cri_1977-1978-ordinaire1_035.txt";"1977";"collectivites";"1977.0";"6";"moyen";"axant son effort sur l'assistance technique et éducative, sur le développement de l'agriculture et de l'élevage et sur l'amélioration des moyens de communication. L'aide financière consacrée à cette collectivité en 1977 est substantielle. Elle se monte à 26 millions de francs pour les seuls investis"
"6_cri_1978-1979-extraordinaire2_006.txt";"1978";"collectivites";"250000.0";"3";"large";"ètre-carré dans les cantons ruraux . Dans les prochaines années, il n'y en aura plus que quatorze tout simplement . La dépopulation rurale doit continuer. Il y a , main- tenant un quart de siècle, la région comptait 250000 actifs agri- coles. Il n'y en a plus que 90000. Sion les prévisions, on tom- "
"6_cri_1978-1979-extraordinaire2_006.txt";"1978";"collectivites";"14000.0";"3";"large";"sident de la République nous annonce ce programme ! Croyez-moi, nies chers collègues, il n'a pas produit les miracles que l'on en attendait . Lorsque le Président de la République est venu au Puy, la région d'Auvergne comptait 14 000 chômeurs. Trois ans plus tard, au mois d'octo- bre dernier, il y e"
"6_cri_1978-1979-ordinaire1_025.txt";"1978";"collectivites";"150000.0";"3";"large";"sont venues s'ajouter der- nièrement des mesures restrictives entraînant des compressions de personnel. C 'est ainsi que, pour terminer l 'année 1978 dans des conditions normales, il manque, dans la région considérée et pour le seul service postal, -150000 heures d 'auxiliaires. Si des dispositions "
"6_cri_1978-1979-ordinaire1_025.txt";"1978";"collectivites";"1978.0";"5";"moyen";"ordée à la direction régionale ensuite un contingent SEANCE DU 19 OCTOBRE 1973 supplémentaire- de 60 000 heures lui a été alloué pour les - besoins des trots derniers mois de l 'année. Au total, la région de Nantes aura donc disposé en 1978 de moyens en personnel auxiliaire supé- rieurs aux années p"
"6_cri_1978-1979-ordinaire1_025.txt";"1978";"collectivites";"1978.0";"5";"moyen";"un accroissement important de l 'utilisation du personnel auxiliaire de remplacement. Cette situation ayant pro- voqué dis le mois d 'août un dépassement des autorisations budgé- taires données à la région de Nantes pour 1978, l 'administration a pris des mesures pour permettre aux services de conti"
"6_cri_1978-1979-ordinaire1_025.txt";"1978";"collectivites";"1978.0";"5";"moyen";"a situation passée a été accordée à la direction régionale ensuite un contingent supplémentaire de 600(11) heures lui a été alloué pour les besoins des trois derniers mois de l 'année. Au total, la région de Nantes aura donc disposé en 1978 de .moyens en personnel auxiliaire supérieurs aux années pr"
"6_cri_1978-1979-ordinaire1_050.txt";"1978";"etat";"1515675000.0";"8";"proche";"s . » ETAT C Répartition des autorisations de programme et des crédits de paiement applicables aux dépenses en capital des services ciel (mesures nouvelles). TITRE V. — INVESTISSEMENTS EXÉCUTÉS PAR L'ETAT « Autorisations de programme, 1 515 675 000 francs s Crédits de paiement, 1 016 444 000 francs,"
"6_cri_1978-1979-ordinaire1_050.txt";"1978";"etat";"17625000.0";"8";"proche";"V. — INVESTISSEMENTS EXÉCUTÉS PAR L'ETAT « Autorisations de programme, 1 515 675 000 francs s Crédits de paiement, 1 016 444 000 francs, » TITRE VI. — SUBVENTIONS D'INVESTISSEMENT ACCORDÉES PAR L ' ETAT e Autorisations de programme, 17 625 000 francs e Crédits de paiement, 10 275 000 francs . » Pers"
"6_cri_1978-1979-ordinaire1_050.txt";"1978";"etat";"1979.0";"4";"moyen";"mais également aux contraintes sociales que nous imposent les nombreux travailleurs qui en sont originaires auxquels doivent être consentis des tarifs réduits pour retourner au pays. Or, l'aide de l'Etat prévue pour 1979 nous paraît insuffisante. Notre amendement a donc pour objet d'inviter le Gouve"
"6_cri_1978-1979-ordinaire1_056.txt";"1978";"etat";"1979.0";"2";"large";"Mais la construction d'équipements supplémentaires ne suffit pas : il faut que chacun sache à quel type de vacances il peut accé- der. A cette action d'information très personnalisée, le budget de l'Etat consacrera, en 1979, plus de cinq millions de francs. Au total, mesdames, messieurs les députés,"
"6_cri_1978-1979-ordinaire1_056.txt";"1978";"etat";"37792000.0";"5";"moyen";"AT C Répartition des autorisations de programme et des crédits de paiement applicables atcr dépenses en capital des services civils . (Mesures nouvelles .) TITRE V . — INVESTISSEMENTS EXÉCUTÉS PAR L 'ETAT « Autorisations de programme : 37 792 000 francs e Crédits de paiement : 21 500 000 francs . u "
"6_cri_1978-1979-ordinaire1_056.txt";"1978";"etat";"41465000.0";"5";"moyen";"— INVESTISSEMENTS EXÉCUTÉS PAR L 'ETAT « Autorisations de programme : 37 792 000 francs e Crédits de paiement : 21 500 000 francs . u TITRE VI . — SUD'VENTIONS D ' INVESTISSEMENT ACCORDÉES PAR L ' ETAT « Autorisations de programme : 41 465 000 francs « Crédits de paiement : 10 200 000 francs. Person"
"6_cri_1978-1979-ordinaire1_056.txt";"1978";"etat";"1979.0";"0";"large";"veloppement qui supposent l'exer- cice d'une solidarité nationale vigilante, laquelle s 'exprime dans le grand projet de la départementalisation. Une question se pose alors : l'action financière de l'Etat en 1979 donne-t-elle un suppo rt solide à ce grand projet'. M. Benjamin Brial . Voilà la questi"
"6_cri_1978-1979-ordinaire1_056.txt";"1978";"etat";"1979.0";"2";"large";"tre-mer. Malgré son importance pour le financement des charges parti- culières à l'outre-mer, ce budget ne représente, en effet, qu'une part de plus en plus résiduelle dans . l'action financière de l'Etat : en 1979, le budget du secrétariat d'Etat ne devrait finan- cer que 6 p. 100 des dépenses cons"
"6_cri_1978-1979-ordinaire1_056.txt";"1978";"etat";"7645.0";"2";"large";"es techniques s'établit en autorisa- tions de programme à 876 millions de francs contre 825 millions de francs en 1978, en augmentation, par conséquent, de 6,1 p . 100. L'effort global du budget de l'Etat, en équipement et en fonctionnement, tous ministères confondus, passera de 7 645 mil- lions de "
"6_cri_1978-1979-ordinaire1_058.txt";"1978";"etat";"1978.0";"7";"proche";"demande de bien vouloir lui faire connaître sa position à l'égard du problème ainsi évoqué . Téléphone (tarifs). 8656 . — 16 novembre 1978. — M. Joël Le Tee appelle l'attention de M. le secrétaire d'Etat aux postes et télécommunications sur l'arrêté du 29 septembre 1978 (Journal officiel, lois et dé"
"6_cri_1978-1979-ordinaire1_106.txt";"1978";"etat";"1975.0";"0";"large";"ce qui est du pourcentage d 'accès à l 'emploi de contremaître principal ne pourrait donc être mise en oeuvre que si une telle mesure était au préalable instituée pour !es emplois des services de l 'Etat dont ln situation a été réglée par le décret n"" 75-883 du 23 septembre 1975 et l'arrêté portant "
"6_cri_1978-1979-ordinaire2_017.txt";"1978";"recettes_propres";"1966.0";"6";"moyen";"ation de l 'action sociale. Impôt sur le revenu (bénéfices industriels et commerciaux). 15477. — 26 avril 1979 . — M . Jean-Pierre Abelin demande à M. le ministre de !rvdget : 1"" si la fraction de la cotisation d'assurance maladie obligatoire prévue par la loi du 12 juillet 1966 modifiée afférente à"
"6_cri_1979-1980-ordinaire1_044.txt";"1979";"etat";"4760000.0";"9";"proche";"s ETAT C Répartition des autorisations de programme et des crédits de paiement applicables aux dépenses en capital des services civils. (Mesures nouvelles.) TITRE V. — INVESTISSEMENTS EXÉCUTÉS PAR L'ETAT « Autorisations de programme : 4 760 0000 francs e Crédits de paiement : 3 393 000 francs . » TI"
"6_cri_1979-1980-ordinaire1_044.txt";"1979";"etat";"111330000.0";"9";"proche";"TRE V. — INVESTISSEMENTS EXÉCUTÉS PAR L'ETAT « Autorisations de programme : 4 760 0000 francs e Crédits de paiement : 3 393 000 francs . » TITRE VI . — SUBVENTIONS D'INVESTISSEMENT ACCORDÉES PAR L 'ETAT « Autorisations de programme : 111 330 000 francs e Crédits de paiement : 61 342 000 francs. » Pe"
"6_cri_1979-1980-ordinaire1_045.txt";"1979";"etat";"242875000.0";"5";"moyen";"V. — INVESTISSEMENTS EXÉCUTÉS PAR L 'ETAT e Autorisations de programme : 40 millions de francs «Crédits de paiement : 28 millions de francs.» TITRE VI . — SUBVENTIONS D'INVESTISSEMENT ACCORDÉES PAR L'ETAT e Autorisations de programme : 242 875 000 francs e Crédits de paiement : 125 660 000 francs .»"
"6_cri_1979-1980-ordinaire1_045.txt";"1979";"collectivites";"5800.0";"3";"large";", monsieur le secré- taire d'Etat, que le siatut départemental n'est pas parfaitement adapté, ce qui est exact . Mais vous projetez de pousser l'assimi- lation jusqu'à envisager le découpage de cette collectivité de 5 800 habitants en quatorze cantons ! ' Vous y étendez, d'emblée, le S. M. I. C. au "
"6_qst_6-qst-1980-09-08.txt";"1980";"collectivites";"30000.0";"3";"large";"mulation effective à la création d 'entreprises et d 'emplois aboutissent à un déclin sensible du potentiel industriel et de l'emploi en région pari- sienne. Même les prévisions du VIII' Plan pour la région (dispari- tion de 30000 emplois par an) vont certainement être dépassées. Le secteur de la ma"
"7_cri_1981-1982-extraordinaire4_014.txt";"1981";"collectivites";"1084.0";"4";"moyen";"la suite de la dis- cussion, après déclaration d'urgence, du projet de loi portant adaptation de la loi n° 82-213 du 2 mars 1982 relative aux droits et libertés des communes, des départements et des régions à la Guadeloupe, à la Guyane, à la Martinique et à la Réunion (n°' 1084, 1088). Hier soir l'A"
"7_cri_1981-1982-ordinaire1_070.txt";"1981";"etat";"1963.0";"4";"moyen";"savez également que plus de 100 000 Réunionnais, soit le cinquième de la population de file, vivent en métropole . La plupart d'entre eux y ont été conduits par l'intermédiaire du BUMIDOM, société d'Etat créée en 1963 . 3208 ASSEMBLEE NATIONALE — 2' SEANCE DU 5 NOVEMBRE 1981 Favoriser Pians mulon !'"
"7_cri_1981-1982-ordinaire1_070.txt";"1981";"etat";"1977.0";"2";"large";"prononcer sur la nouvelle charte du territoire. Je vous demande donc encore une fois solennellement, mon- sieur le secrétaire d'Etat, de vous rallier à la seule solution de sagesse qui s'impose en l'état actuel des choses, c'est-à-dire d'organiser, comme en 1977, le renouvellement anticipé de l'as- "
"7_cri_1981-1982-ordinaire1_070.txt";"1981";"etat";"279600000.0";"12";"strict";"réserves, que je crois fondées, sur la départementalisation . J'ai déjà dit que le 3218 ASSEMBLEE NATIONALE — 2• SEANCE DU 5 NOVEMBRE 1981 TITRE VI. — SUBVENTIONS D ' INVESTISSEMENT ACCORDÉES PAR L'ETAT e Autorisations de programme : 279 600 000 francs e Crédits de paiement : 90 699 000 francs . s S"
"7_cri_1981-1982-ordinaire1_070.txt";"1981";"etat";"4983000.0";"10";"strict";". a ETAT C Répartition des autorisations de programme et des crédits de paiement applicables aux dépenses en capital des services civils (mesures nouvelles). Titre V. — INVESTISSEMENTS EXÉCUTÉS PAR L'ETAT • Autorisations de programme : 6 millions de francs « Crédits de paiement : 4 983 000 francs . "
"7_cri_1982-1983-ordinaire1_057.txt";"1982";"etat";"1982.0";"5";"moyen";"ts des fonction- naires. Pour argumenter cette analyse, je donnerai deux exem- ples : d'une part, les pensions d'anciens combattants et victimes civiles de la guerre, dont le poids sur le budget de l'Etat, en 1982 par exemple, était de 21 250 millions de francs, sont effec- tivement indexées sur les"
"7_cri_1982-1983-ordinaire1_057.txt";"1982";"etat";"1982.0";"5";"moyen";"es davantage, notamment les dépenses d'interventions publiques. Si on exclut les réserves que je viens d'émettre sur les deux exemples cités, le poids réel de la fonction publique dans le budget de l'Etat aura été, en 1982, de 37,1 p. 100. Quels effectifs recouvrent ces dépenses ? L 'état actuel des"
"7_cri_1982-1983-ordinaire1_057.txt";"1982";"etat";"1983.0";"5";"moyen";"oi de finances initiale pour 1981, l'accroissement que sanc- tionne le projet de budget pour 1983 s'établit à 127 750, c'est-à- dire plus 5,34 p. 100. Les créations nettes d'emplois proposées dans le budget général s'élèveront en 1983 ü 16 235 dont 12 902 emplois budgé- taires. Par ailleurs, il sera"
"7_cri_1982-1983-ordinaire1_057.txt";"1982";"etat";"1981.0";"3";"large";"tions . Le coût de cet ensemble n'a pas été communiqué à Ir. commission des finances. L'année 1982 voit donc intervenir tout un ensemble de modi- fications légales et réglementaires. Le rapport sur l'état annuel de la fonction publique en 1981, publié par la Documentation française, montre l'ampleur"
"7_cri_1982-1983-ordinaire1_057.txt";"1982";"etat";"1978.0";"5";"moyen";"n'a malheureusement pas reçu de réponse, le ministère du budget le renvoyant à un article très intéressant de la revue de l 'I. N . S. E. E. « Economie et statistiques s portant sur les salaires de l'Etat versés en 1978 . On pouvait, bien sûr, s'amuser, en appliquant un coefficient correcteur, à fai"
"7_cri_1982-1983-ordinaire1_057.txt";"1982";"etat";"80000.0";"3";"large";"nt en matière de comité d'hygiène et de sécurité et d'organismes paritaires. De même, il convient de saluer le décret du 22 septembre 1982, qui autorise la titularisation d'agents non titulaires de l'Etat en catégories C et D 80 000 agents peuvent y prétendre. Nous nous trouvons donc en pleine mutat"
"7_cri_1982-1983-ordinaire1_057.txt";"1982";"etat";"1983.0";"3";"large";"grande importance. Pour ce qui est de l'intégration des non-titulaires que nous réclamons de longue date, un décret visant les catégories C et IP et permettant la titularisation de 20 000 agents de l'Etat en 1983 a déjà été pris et vous avez déposé sur le bureau de l'Assemblée un projet de loi relat"
"7_cri_1982-1983-ordinaire1_057.txt";"1982";"etat";"2500.0";"9";"proche";"acquis lors de l'entrée en vigueur du titre III du code général de la fonction publique? Que signifiera alors le principe d'assimilation de la fonction publique territoriale à la fonction publique d'Etat? Dans le même temps, vous refusez la création de 2 500 emplois dans le cadre national des préfec"
"7_cri_1982-1983-ordinaire1_057.txt";"1982";"etat";"1983.0";"7";"proche";"s et territoires d'outre-mer, est toujours l'occasion de débats politiques. Un dernier chiffre permet toutefois de mieux traduire l'effort d'investissement que vous entendez, monsieur le secrétaire d'Etat, réserver aux territoires d'outre-mer pour 1983 : celui de 14 p. 100, qui caractérise la progre"
"7_cri_1982-1983-ordinaire1_057.txt";"1982";"etat";"1982.0";"6";"moyen";"parte- ments d'outre-mer. Les régimes d'indemnisation du chômage prévus par les accords nationaux de 1980 ont poursuivi leur montée en charge progressive. A ce titre, la participation financière de l'Etat aura été de 123 millions de francs en 1982 et elle passera à 163 millions de francs en 1983. Au"
"7_cri_1982-1983-ordinaire1_057.txt";"1982";"etat";"1982.0";"6";"moyen";"uvelle-Calédonie . En Polyné- sie, le soutien aux allocataires de prestations familiales du sec- teur rural va s'enrichir d'une aide au minimum garanti pour les personnes âgées. La participation de l'Etat dans ces domaines se sera élevée, pour 1982, à 47 millions de francs, soit une augmentation de "
"7_cri_1982-1983-ordinaire1_057.txt";"1982";"etat";"43600000.0";"10";"strict";"ETAT C Répartition des autorisations de programme et des crédits de paiement applicables aux dépenses en capital des services civils (mesures nouvelles). TITRE V . — INVESTISSEMENTS EXÉCUTÉS PAR L ' ETAT e Autorisations de programme : 43 600 000 francs «Crédits de paiement : 30 786 000 francs. s TIT"
"7_cri_1982-1983-ordinaire1_057.txt";"1982";"etat";"338097000.0";"10";"strict";". — INVESTISSEMENTS EXÉCUTÉS PAR L ' ETAT e Autorisations de programme : 43 600 000 francs «Crédits de paiement : 30 786 000 francs. s TITRE VI . — SUBVENTIONS D ' INVESTISSEMENT ACCORDÉES PAR L ' ETAT < Autorisations de programme : 338 097 000 francs < Crédits de paiement : 118 562 000 francs.> Per"
"7_cri_1982-1983-ordinaire1_057.txt";"1982";"etat";"6540000.0";"10";"strict";"ETAT C Répartition des autorisations de programme et des crédits de paiement applicables aux dépenses en capital des services civils (mesures nouvelles). TITRE V . — INVESTISSEMENTS EXÉCUTÉS PAR L ' ETAT e Autorisations de programme : 6 540 000 francs s Crédits de paiement : 5 397 000 francs.» TITRE"
"7_cri_1982-1983-ordinaire1_057.txt";"1982";"etat";"164400000.0";"10";"strict";"TRE V . — INVESTISSEMENTS EXÉCUTÉS PAR L ' ETAT e Autorisations de programme : 6 540 000 francs s Crédits de paiement : 5 397 000 francs.» TITRE VI . — SUBVENTIONS D'INVESTISSEMENT ACCORDÉES PAR L 'ETAT «Autorisations de programme : 164 400 000 francs e Crédits de paiement : 86 557 000 francs.» Pers"
"7_cri_1982-1983-ordinaire1_057.txt";"1982";"collectivites";"60000.0";"5";"moyen";"isme. S'agissant d'une activité vitale pour nos régions, on s'étonne donc que ce gouvernement, qui est si friand de natic- nalisations, n'ait pas encore proposé celle de l'industrie sucrière dans les régions où, évidemment, la production ne dépasserait pas 60 000 tonnes en moyenne au cours des trois"
"7_cri_1982-1983-ordinaire1_057.txt";"1982";"europe";"200000.0";"5";"moyen";"res européens dont l'approvisionnement en nickel calédonien ne cesse de diminuer, en raison de la concurrence des pays à économie planifiée. Je vous rappelle — et c 'est un chiffre important — que la Communauté économique européenne consomme encore plus de 200 000 tonnes de métal nickel et que la Fr"
"7_cri_1983-1984-ordinaire1_076.txt";"1983";"etat";"1984.0";"8";"proche";"ce qui n'est sans doute pas le cas pour nombre des chapitres concernés. Budget sincère, budget rigoureux, certains diront budget austère, d'autres — que je ne suivrai pas — budget de misère, en tout état de cause budget pour des temps difficiles, tel se présente le cru 1984 pour les départements et "
"7_cri_1983-1984-ordinaire1_076.txt";"1983";"etat";"1984.0";"6";"moyen";"u budget du secrétariat d'Etat. Par rapport au budget voté pour 1983, ce chiffre traduit une progression de 6,3 p . 100, soit précisément le taux de progression des charges à caractère définitif de l'Etat pour 1984 . C'est dire que les crédits du secrétariat d'Etat consacrés aux terri- toires d'outr"
"7_cri_1983-1984-ordinaire1_076.txt";"1983";"etat";"1982.0";"4";"moyen";"darité qui s'est manifesté, notamment de la part de la Communauté européenne et de la métropole, qu'il s'agisse des collectivités locales ou des particuliers. En ce qui concerne les relations entre l'Etat et le territoire de la Polynésie française, l'année 1982 a été marquée essen- tiellement par la"
"7_cri_1984-1985-ordinaire1_039.txt";"1984";"etat";"20000.0";"5";"moyen";"e du coôt de revient de la banane, puisque son prix de vente, fixé par le Gouvernement, est encore victime de l'indice des prix et lié à l'augmentation prochaine du fret maritime. Les prévisions font état d'une perte de vente en fin d'année de 20000 tonnes non exportées, aggravant de 300 millions de"
"7_cri_1984-1985-ordinaire1_039.txt";"1984";"etat";"1985.0";"6";"moyen";"sée par votre collègue des finances vous a déjà obligé à renoncer à la relève de cinq médecins et de quinze enseignants . Avec la nouvelle baisse de moyens que vous annoncez, monsieur le secrétaire d'Etat, combien de médecins, combien d'enseignants ne seront pas relevés en 1985? Au titre des dépense"
"7_cri_1984-1985-ordinaire1_039.txt";"1984";"etat";"39316000.0";"8";"proche";". ETAT C Répartition des autorisa..ons de programme et des crédits de paiement applicables aux dépenses en capital des services civils (mesures nouvelles). TITRE V . — INVESTISSEMENTS EXÉCUTÉS PAR L' ETAT s Autorisations de programme : 39 316 000 francs. « Crédits de paiement : 23 590 000 francs. s "
"7_cri_1984-1985-ordinaire1_039.txt";"1984";"etat";"350604000.0";"8";"proche";"E V . — INVESTISSEMENTS EXÉCUTÉS PAR L' ETAT s Autorisations de programme : 39 316 000 francs. « Crédits de paiement : 23 590 000 francs. s TITRE VI . — SUBVENTIONS D ' INVESTISSEMENT ACCORDÉES PAR L'ETAT « Autorisations de programme : 350 604 000 francs. Crédits de paiement : 159 530 000 frimai., J"
"7_cri_1984-1985-ordinaire1_039.txt";"1984";"etat";"5297000.0";"8";"proche";"s ETAT C Répartition des autorisations de programme et des crédits de paiement applicables aux dépenses en capital des services civils (mesures nouveUes). TITRE V . — INVESTISSEMENTS EXÉCUTÉS PAR L ' ETAT s Autorisations de programme : 5297000 francs. «Crédits de paiement : 2 061 000 francs.» TITRE "
"7_cri_1984-1985-ordinaire1_039.txt";"1984";"etat";"165387000.0";"8";"proche";"TITRE V . — INVESTISSEMENTS EXÉCUTÉS PAR L ' ETAT s Autorisations de programme : 5297000 francs. «Crédits de paiement : 2 061 000 francs.» TITRE VI. — SUBVENTIONS D 'INVESTISSEMENT ACCORDÉES PAR L ' ETAT «Autorisations de programme : 165 387 000 francs. « Crédits de paiement : 90 481 000 francs.» Je"
"7_cri_1984-1985-ordinaire1_039.txt";"1984";"collectivites";"1983.0";"5";"moyen";"pour la démocratie française .) M. le président . La parole est à M. Castor. M. Elie Castor . Monsieur le secrétaire d'Etat, mes chers col- lègues, lors de l'examen de la loi sur les compétences des régions d'out re-mer, en décembre 1983, j'avais présenté plusieurs amendements à caractère financier "
"7_cri_1984-1985-ordinaire1_039.txt";"1984";"collectivites";"1984.0";"3";"large";"spositions particulières qui ont été retenues pou r la Guyane, car si Ira lois du 2 mars 198'2 et du 31 décembre 1982 ont mis e :i place la décentralisation et les mécanismes de planification dus nos régions, si la loi du 2 aoùt 1984 a complété le dispositif législatif par l'allributian de compétenc"
"7_cri_1984-1985-ordinaire1_039.txt";"1984";"europe";"1984.0";"3";"large";"dra à coup sûr ce que nous voulons dire — a jugé, dans un dra à coup sûr ce que nous voulons dire — a jugé en 1978, dans l'arrêt Hansen, que les départements d'outre-mer font partie intégrante de la Communauté économique européenne et un règlement communautaire du 23 juillet 1984 confirme que la sit"
"7_cri_1984-1985-ordinaire1_039.txt";"1984";"emprunt";"1964.0";"5";"moyen";"bilités de l 'Elat. SEANCE DU 26 OCTOBRE 1984 Ce n'est pas le moment de s'appesantir sur le contentieux fini acier opposent l'assemblée départementale à l'Etat, lequel diffère le remboursement de ses dettes au département : 66 mil- lions peur 1964 et 85 millions pour 1983, avec décision unila- téral"
"7_cri_1984-1985-ordinaire1_080.txt";"1984";"etat";"1979.0";"3";"large";"ctivité les charges afférentes a celles qui de notre commerce extérieur, place notre pays en situation de sont arrelees. dépendance et pro,oque des déficits que l'on prétend combattre Premièrement, l'Etat prend en charge, depuis 1979, le coût des par ailleurs. En fait, le minerai et la filière fonte"
"7_cri_1984-1985-ordinaire1_080.txt";"1984";"etat";"1985.0";"8";"proche";"u ministère du redéploiement industriel Toutes ces décisions ne sont pas bonnes car au lieu de et du commerce extérieur . s'attaquer aux véritables causes des déficits, elles vont les Deuxièmement, l'Etat prendra en charge, à partir de 1985, le aggraver. En outre, elles portent un nouveau coup très "
"8_cri_1985-1986-ordinaire2_049.txt";"1985";"collectivites";"1985.0";"6";"moyen";"dispositions spécifiques contenues dans la loi de finances rectificative pour 1986. Il s'agit de la reconduction et de l 'extension des mesures d 'exonération fiscale temporaires applicables dans ces régions et qui étaient arrivées à échéance en décembre 1985. Cette initiative est à porter au crédit"
"8_cri_1986-1987-ordinaire1_065.txt";"1986";"etat";"1987.0";"2";"large";"uvoirs publics de parvenir, dans un délai de cinq ans, à la parité sociale globale et organise les moyens pour l'atteindre. Il chiffre les crédits supplémentaires qui seront engagés à cet effet par l'Etat de 1987 à 1991 et, s'agissant du logement, de 1987 à 1994 . Ceux-ci s'élèvent, pour les huit an"
"8_cri_1986-1987-ordinaire1_085.txt";"1986";"etat";"1000.0";"1";"large";"ne situation qui, dans certains départements, est devenue explosive. Trente mille jeunes arrivent chaque année sur le marché du travail alors que les créations d 'emploi ne sauraient dépasser, dans l'état actuel des choses, 1 000 emplois par an. Il y a donc là un problème aigu, urgent à régler et le"
"8_cri_1986-1987-ordinaire1_086.txt";"1986";"collectivites";"1986.0";"3";"large";"tre projet de loi. Dans cet ordre d'idées, le président du conseil régional de la Guadeloupe vient de recevoir du préfet de région Guade- loupe une lettre lui proposant un plan de développement de la région pour cinq ans - 1986-1990 - et seulement quelques jours lui sont laissés pour donner son avis"
"8_cri_1986-1987-ordinaire1_087.txt";"1986";"collectivites";"1975.0";"4";"moyen";"jeunes Guyanais qui se sont lancés dans ce secteur productif puis- sent accepter leur élimination systématique ? M. François Loncle . Très bien ! M. Elfe Castor. En réalité vous allez déshabiller la région pour la réduire à l'établissement public qu'elle était en 1975. C'est que votre but, sous couv"
"8_cri_1986-1987-ordinaire1_087.txt";"1986";"collectivites";"1976.0";"4";"moyen";"pour les collectivités territoriales, afin de leur permettre d'ins- taller des jeunes agriculteurs dans le cadre de leur pro- gramme intégré d'aménagement rural . Vous prévoyez égale- ment pour notre région l 'établissement d 'un bilan d'exécution du plan de développement de 1976. Je peux d 'ores et"
"8_cri_1986-1987-ordinaire1_090.txt";"1986";"etat";"1975.0";"3";"large";"17 septembre 1964, n° 64-30, Rec ., p. 41). De même, la détermination du format et des différents modèles du livret de famille ne fait pas partie des règles concernant l'état des personnes (Cons . d'Etat, 25 juillet 1975, soc . Les Edi- tions des mairies, Rec. Cons . d'Etat, tables, p. 819) . Ce son"
"8_cri_1986-1987-ordinaire1_090.txt";"1986";"collectivites";"1901.0";"5";"moyen";"ales pour les jeunes de seize à vingt-cinq ans. Au premier paragraphe, l'expression « à l'entrée de l'entre- prise », pour déterminer l'âge du jeune, suppose que ies coo- pératives de production, les collectivités locales, les associa- tions régies par la loi de 1901, c'est-à-dire les maisons de ret"
"8_cri_1986-1987-ordinaire1_090.txt";"1986";"collectivites";"1901.0";"5";"moyen";"us les moyens doivent être mis en oeuvre afin de concourir à la suppression, à l'éradication du chômage et il serait bon que ces mesures puissent bénéficier aux employeurs poten- tiels, qu'ils soient collectivités locales, associations régies par la loi de 1901. Pour cette raison, je demande à M . l"
"8_cri_1986-1987-ordinaire1_090.txt";"1986";"collectivites";"1982.0";"5";"moyen";"u'elle se rapproche le plus possible de l'arrivée de l'autoroute A I I à Angers. Question n"" 130. - M. Pierre Pascalien rappelle à M. le ministre délégué auprès du ministre de l'intérieur, chargé des collectivités locales, que la décentralisation voulue par les lois de 1982 et 1983 entend transférer"
"8_cri_1987-1988-ordinaire1_025.txt";"1987";"etat";"1986.0";"2";"large";"civiles et militaires de l 'Etat dans chaque territoire. La part du budget du ministère des départements et terri- toires d'outre-mer varie selon les territoires . Ramenée au total des dépenses de l'Etat en 1986, elle est de 30,8 p. 100 à Wallis et Futuna, 20,7 p. 100 en Nouvelle-Calédonie et seule-"
"8_cri_1987-1988-ordinaire1_025.txt";"1987";"etat";"1986.0";"2";"large";", qui s'étalera jusqu'en 1991, améliorera la sécurité du personnel qui y séjourne et contribuera à renforcer la pré- sence française dans cette partie du monde. Quant à la Polynésie: française, où l 'Etat est intervenu à hauteur de 4,8 milliards de francs en 1986, il convient de rappeler l'importanc"
