fichier;date
2_cri_1964-1965-ordinaire1_021.txt;26 avril 1963
2_qst_2-qst-1964-09-12.txt;29 novembre 1963
4_cri_1968-1969-ordinaire1_050.txt;30 juin 1967
4_cri_1969-1970-ordinaire1_033.txt;15 février 1969
4_cri_1969-1970-ordinaire1_033.txt;23 avril 1969
4_cri_1970-1971-ordinaire1_023.txt;26 OCTOBRE 1970
4_cri_1970-1971-ordinaire1_060.txt;16 NOVEMBRE 1970
4_cri_1970-1971-ordinaire1_065.txt;19 juillet 1970
4_cri_1970-1971-ordinaire1_065.txt;19 NOVEMBRE 1970
4_cri_1971-1972-ordinaire1_024.txt;26 OCTOBRE 1971
4_cri_1971-1972-ordinaire1_024.txt;26 OCTOBRE 1971
4_cri_1971-1972-ordinaire1_024.txt;26 OCTOBRE 1971
4_cri_1971-1972-ordinaire1_067.txt;19 NOVEMBRE 1971
4_cri_1971-1972-ordinaire1_067.txt;19 novembre 1971
4_cri_1971-1972-ordinaire1_067.txt;19 novembre 1971
4_cri_1972-1973-ordinaire1_063.txt;18 décembre 1963
4_cri_1972-1973-ordinaire1_063.txt;16 mars 1970
4_cri_1972-1973-ordinaire1_063.txt;26 avril 1963
4_cri_1972-1973-ordinaire1_063.txt;21 NOVEMBRE 1972
4_cri_1972-1973-ordinaire1_063.txt;26 avril 1960
4_qst_4-qst-1969-02-15.txt;8 février 1969
4_qst_4-qst-1969-02-15.txt;15 Février 1969
4_qst_4-qst-1969-02-15.txt;7 février 1969
4_qst_4-qst-1969-02-15.txt;9 août 1953
4_qst_4-qst-1969-08-23.txt;8 août 1969
4_qst_4-qst-1969-08-23.txt;15 fevrier 1969
4_qst_4-qst-1969-08-23.txt;14 août 1969
4_qst_4-qst-1969-09-27.txt;"8 août
1969"
4_qst_4-qst-1969-09-27.txt;15 février 1969
4_qst_4-qst-1971-07-10.txt;10 Juillet 1971
4_qst_4-qst-1971-07-10.txt;8 juin 1971
4_qst_4-qst-1972-07-29.txt;24 mai 1972
4_qst_4-qst-1972-07-29.txt;7 avril 1972
4_qst_4-qst-1972-07-29.txt;"6 juin
1972"
4_qst_4-qst-1972-07-29.txt;"10 novembre
1971"
4_tnominative_1968-1973_tnominative_IO.txt;"9 novembre
1968"
5_cri_1973-1974-ordinaire1_014.txt;13 octobre 1973
5_cri_1973-1974-ordinaire1_088.txt;19 février 1973
5_cri_1973-1974-ordinaire1_088.txt;19 février 1973
5_cri_1973-1974-ordinaire1_088.txt;13 octobre 1973
5_cri_1973-1974-ordinaire1_088.txt;5 DECEMBRE 1973
5_cri_1973-1974-ordinaire1_088.txt;22 septembre 1973
5_cri_1975-1976-ordinaire1_038.txt;2 septembre 1975
5_cri_1975-1976-ordinaire1_038.txt;16 octobre 1975
5_cri_1975-1976-ordinaire1_038.txt;19 juillet 1975
5_cri_1975-1976-ordinaire1_057.txt;13 NOVEMBRE 1975
5_cri_1975-1976-ordinaire1_058.txt;13 NOVEMBRE 1975
5_cri_1975-1976-ordinaire2_086.txt;4 juin 1976
5_cri_1976-1977-ordinaire1_062.txt;19 NOVEMBRE 1976
5_cri_1976-1977-ordinaire2_024.txt;16 juillet 1971
5_cri_1976-1977-ordinaire2_024.txt;4 mai 1977
5_cri_1976-1977-ordinaire2_024.txt;4 mai 1977
5_cri_1976-1977-ordinaire2_051.txt;4 juin 1977
5_cri_1977-1978-ordinaire1_035.txt;3 NOVEMBRE 1977
5_qst_5-qst-1974-04-27.txt;"27 Avril
1974"
5_qst_5-qst-1974-04-27.txt;16 mars 1974
5_qst_5-qst-1975-07-19.txt;4 juin 1975
6_cri_1978-1979-ordinaire1_025.txt;19 OCTOBRE 1978
6_cri_1978-1979-ordinaire1_056.txt;15 NOVEMBRE 1978
6_cri_1978-1979-ordinaire1_058.txt;25 mai 1977
6_cri_1978-1979-ordinaire1_058.txt;16 novembre 1978
6_cri_1978-1979-ordinaire1_058.txt;"16
novembre
1978"
6_cri_1978-1979-ordinaire1_106.txt;18 novembre 1978
6_cri_1978-1979-ordinaire1_106.txt;12 août 1978
6_cri_1978-1979-ordinaire2_017.txt;26 avril 1979
6_cri_1978-1979-ordinaire2_017.txt;27 mars 1979
6_cri_1978-1979-ordinaire2_017.txt;30 mars 1979
6_cri_1978-1979-ordinaire2_017.txt;26 avril 1979
6_cri_1979-1980-ordinaire1_032.txt;"23
OCTOBRE
1979"
6_cri_1979-1980-ordinaire1_045.txt;31 OCTOBRE 1979
6_qst_6-qst-1980-09-08.txt;8 septembre 1980
7_cri_1981-1982-ordinaire1_070.txt;5 NOVEMBRE 1981
7_cri_1981-1982-ordinaire1_070.txt;5 NOVEMBRE 1981
7_cri_1981-1982-ordinaire1_070.txt;5 NOVEMBRE 1981
7_cri_1982-1983-ordinaire1_057.txt;5 NOVEMBRE 1982
7_cri_1983-1984-ordinaire2_008.txt;"6
AVRIL
1984"
7_cri_1984-1985-ordinaire1_039.txt;26 OCTOBRE 1984
7_qst_7-qst-1981-10-19.txt;19 octobre 1931
7_qst_7-qst-1981-10-19.txt;19 octobre 1981
7_qst_7-qst-1981-10-19.txt;19 octobre 1981
7_qst_7-qst-1981-10-19.txt;19 octobre 1981
8_cri_1986-1987-ordinaire1_090.txt;27 NOVEMBRE 1986
8_cri_1986-1987-ordinaire1_090.txt;27 NOVEMBRE 1986
