date;mentions
19 octobre 1981;306
25 août 1980;189
27 avril 1974;141
8 septembre 1980;136
4 mai 1977;121
19 juillet 1975;118
12 septembre 1964;94
26 juin 1976;75
26 avril 1979;71
4 OCTOBRE 1958;70
20 octobre 1978;66
13 février 1969;63
15 novembre 1977;62
16 novembre 1978;56
19 NOVEMBRE 1976;55
31 OCTOBRE 1979;55
27 octobre 1973;54
27 septembre 1975;52
2 novembre 1967;49
15 NOVEMBRE 1978;47
19 novembre 1971;44
20 juin 1972;42
12 novembre 1974;41
26 OCTOBRE 1973;40
30 OCTOBRE 1975;40
27 Avril 1974;40
19 Juillet 1975;40
23 OCTOBRE 1979;40
12 Septembre 1964;39
19 NOVEMBRE 1970;39
15 Février 1969;39
7 février 1969;39
23 Août 1969;39
10 Juillet 1971;39
29 Juillet 1972;39
12 OCTOBRE 1973;39
6 décembre 1973;39
14 NOVEMBRE 1977;39
24 juillet 1966;38
26 OCTOBRE 1970;38
15 AVRIL 1971;38
11 juillet 1968;38
12 NOVEMBRE 1974;38
25 JUIN 1976;38
21 décembre 1978;38
8 Septembre 1980;38
5 NOVEMBRE 1982;38
19 Octobre 1981;38
15 avril 1971;37
21 NOVEMBRE 1972;37
14 août 1969;37
8 juillet 1971;37
19 OCTOBRE 1978;37
9 NOVEMBRE 1978;37
27 Septembre 1969;36
22 juin 1972;36
13 NOVEMBRE 1975;36
3 MAI 1977;36
25 AVRIL 1979;36
5 DECEMBRE 1973;35
25 Août 1980;35
19 octobre 1931;34
16 juillet 1971;33
21 novembre 1972;33
5 novembre 1969;32
4 juin 1977;32
27 NOVEMBRE 1986;32
26 octobre 1970;31
19 NOVEMBRE 1971;31
11 février 1969;31
15 mars 1963;30
13 octobre 1973;30
12 juillet 1966;29
31 décembre 1970;29
8 août 1969;29
14 juin 1969;29
26 NOVEMBRE 1986;29
30 juin 1975;28
16 NOVEMBRE 1970;27
24 septembre 1969;27
26 décembre 1964;26
5 juillet 1971;26
23 juin 1972;26
20 DECEMBRE 1978;26
10 JUIN 1980;26
31 juillet 1968;25
7 juillet 1971;25
10 JUILLET 1986;25
10 juillet 1964;24
21 juin 1972;24
5 NOVEMBRE 1981;24
28 MAI 1986;24
8 août 1962;23
31 octobre 1975;23
30 SEPTEMBRE 1982;23
21 OCTOBRE 1987;23
6 janvier 1966;22
9 novembre 1968;22
19 août 1969;22
3 JUIN 1977;22
14 JUIN 1982;22
19 mars 1946;21
23 septembre 1967;21
23 septembre 1969;21
19 novembre 1970;21
2 novembre 1945;21
13 juillet 1968;21
13 juillet 1972;21
2 avril 1971;21
4 avril 1972;21
20 août 1969;20
3 avril 1969;20
13 NOVEMBRE 1974;20
12 février 1969;19
21 août 1969;19
25 septembre 1969;19
17 juillet 1978;19
14 DECEMBRE 1979;19
4 février 1959;18
15 novembre 1969;18
10 février 1969;18
9 juillet 1970;18
3 janvier 1972;18
2 avril 1970;18
3 NOVEMBRE 1977;18
20 décembre 1978;18
25 NOVEMBRE 1988;18
12 août 1969;17
23 décembre 1970;17
8 février 1969;17
13 août 1969;17
27 juin 1973;17
11 juillet 1975;17
16 MARS 1979;17
11 JUIN 1980;17
17 NOVEMBRE 1983;17
25 NOVEMBRE 1986;17
11 juillet 1964;16
13 NOVEMBRE 1972;16
3 juillet 1971;16
3 juillet 1972;16
7 MAI 1976;16
16 mars 1974;16
7 janvier 1959;15
15 juin 1945;15
16 novembre 1970;15
26 avril 1968;15
31 décembre 1973;15
26 OCTOBRE 1971;15
21 juillet 1972;15
5 juillet 1972;15
21 novembre 1973;15
31 mai 1969;14
27 juillet 1972;14
31 décembre 1974;14
23 juin 1980;14
26 OCTOBRE 1984;14
28 MAI 1988;14
8 NOVEMBRE 1986;14
31 juillet 1963;13
21 décembre 1967;13
30 décembre 1967;13
23 mars 1967;13
2 janvier 1959;13
25 juillet 1972;13
13 novembre 1974;13
26 novembre 1986;13
26 avril 1960;12
15 octobre 1960;12
23 février 1963;12
30 décembre 1958;12
26 septembre 1951;12
19 décembre 1963;12
31 décembre 1968;12
2 août 1960;12
12 juillet 1969;12
26 juillet 1969;12
22 décembre 1966;12
22 juillet 1972;12
24 décembre 1971;12
15 juillet 1960;12
31 décembre 1975;12
30 août 1975;12
31 mars 1977;12
16 février 1974;12
14 juillet 1980;12
31 décembre 1963;11
10 juillet 1965;11
24 septembre 1968;11
23 août 1969;11
31 octobre 1968;11
27 décembre 1968;11
31 décembre 1971;11
6 mai 1969;11
19 juillet 1969;11
12 octobre 1973;11
15 juillet 1975;11
26 février 1977;11
4 juin 1975;11
23 septembre 1978;11
11 juin 1980;11
2 mars 1982;11
6 AVRIL 1984;11
10 août 1966;10
7 novembre 1958;10
6 mai 1963;10
4 juin 1964;10
21 août 1967;10
31 décembre 1972;10
24 décembre 1969;10
27 novembre 1962;10
10 mai 1969;10
28 juin 1972;10
12 juin 1973;10
23 avril 1975;10
19 juillet 1976;10
19 décembre 1978;10
30 juin 1980;10
10 JUILLET 1988;10
8 NOVEMBRE 1988;10
30 septembre 1967;9
28 décembre 1967;9
13 juillet 1967;9
8 avril 1957;9
2 octobre 1970;9
22 décembre 1967;9
11 janvier 1969;9
5 juillet 1969;9
27 juin 1969;9
14 novembre 1949;9
23 mars 1974;9
4 juillet 1975;9
3 janvier 1977;9
23 janvier 1974;9
9 décembre 1974;9
29 décembre 1978;9
26 mai 1980;9
30 septembre 1986;9
28 mars 1964;8
31 décembre 1959;8
11 novembre 1918;8
31 juillet 1959;8
28 décembre 1959;8
9 juillet 1963;8
14 novembre 1968;8
9 août 1969;8
16 septembre 1969;8
27 février 1961;8
29 avril 1969;8
28 juin 1938;8
23 décembre 1964;8
27 avril 1971;8
30 janvier 1971;8
2 octobre 1971;8
18 décembre 1968;8
13 juillet 1971;8
30 juin 1972;8
29 novembre 1968;8
16 décembre 1968;8
21 juin 1969;8
24 mai 1972;8
11 mars 1973;8
9 mars 1974;8
3 mai 1977;8
12 juillet 1977;8
10 septembre 1977;8
2 mars 1974;8
3 février 1979;8
21 avril 1980;8
21 juillet 1980;8
26 NOVEMBRE 1988;8
28 novembre 1986;8
2 août 1961;7
20 OCTOBRE 1966;7
5 avril 1946;7
19 juillet 1952;7
30 décembre 1963;7
6 janvier 1959;7
6 novembre 1969;7
15 février 1969;7
5 mai 1970;7
28 septembre 1967;7
24 mai 1969;7
28 décembre 1968;7
26 décembre 1969;7
6 juillet 1971;7
15 juillet 1970;7
15 juillet 1965;7
4 juillet 1972;7
24 août 1968;7
3 janvier 1967;7
7 juin 1969;7
24 juin 1969;7
13 mai 1969;7
26 février 1969;7
5 mai 1971;7
15 juin 1971;7
27 juin 1972;7
29 juin 1972;7
26 mai 1972;7
31 octobre 1958;7
21 juillet 1973;7
22 septembre 1973;7
25 octobre 1973;7
31 décembre 1981;7
31 mars 1976;7
31 décembre 1979;7
24 décembre 1976;7
26 avril 1975;7
30 septembre 1978;7
5 août 1978;7
9 septembre 1978;7
17 février 1979;7
31 décembre 1982;7
5 juin 1980;7
9 juin 1980;7
2 juin 1980;7
4 août 1980;7
23 NOVEMBRE 1984;7
29 juillet 1881;6
9 septembre 1919;6
14 mars 1964;6
25 juillet 1964;6
5 juin 1964;6
31 décembre 1962;6
27 mai 1964;6
18 décembre 1963;6
25 novembre 1960;6
31 mars 1919;6
19 décembre 1917;6
20 novembre 1967;6
22 décembre 1958;6
3 janvier 1969;6
17 août 1967;6
22 août 1970;6
7 mars 1966;6
19 avril 1969;6
23 octobre 1970;6
29 juin 1971;6
12 octobre 1971;6
16 juin 1972;6
30 octobre 1968;6
31 mai 1968;6
30 juin 1969;6
25 janvier 1969;6
18 janvier 1969;6
12 décembre 1968;6
20 décembre 1968;6
25 mai 1966;6
8 novembre 1968;6
26 juin 1969;6
20 juin 1961;6
9 septembre 1965;6
2 juillet 1971;6
8 juin 1972;6
22 avril 1972;6
10 août 1871;6
11 octobre 1973;6
29 juin 1973;6
14 juillet 1973;6
28 juillet 1973;6
29 décembre 1972;6
3 octobre 1975;6
13 septembre 1975;6
3 janvier 1975;6
31 décembre 1977;6
31 décembre 1976;6
7 août 1974;6
9 juillet 1976;6
21 décembre 1973;6
20 février 1974;6
27 décembre 1973;6
12 mars 1977;6
16 juillet 1976;6
10 juillet 1976;6
17 septembre 1977;6
23 février 1974;6
4 juin 1970;6
26 août 1978;6
16 septembre 1978;6
27 juin 1977;6
15 novembre 1978;6
18 octobre 1978;6
3 janvier 1979;6
10 juin 1980;6
16 juin 1980;6
2 juillet 1980;6
8 septembre 1930;6
27 novembre 1986;6
27 NOVEMBRE 1988;6
31 juillet 1962;5
20 mai 1955;5
20 juin 1963;5
26 octobre 1963;5
21 juillet 1962;5
2 septembre 1939;5
21 mai 1964;5
9 juin 1964;5
28 septembre 1951;5
2 juillet 1963;5
31 décembre 1958;5
29 décembre 1960;5
4 août 1962;5
22 avril 1960;5
27 octobre 1959;5
30 mai 1968;5
5 NOVEMBRE 1969;5
19 juin 1969;5
8 octobre 1969;5
2 octobre 1969;5
30 août 1969;5
30 novembre 1967;5
25 juin 1969;5
28 avril 1971;5
26 novembre 1968;5
13 juin 1969;5
23 octobre 1958;5
14 octobre 1970;5
23 septembre 1970;5
4 janvier 1969;5
27 avril 1977;5
14 février 1959;5
30 mai 1969;5
18 novembre 1971;5
14 octobre 1971;5
4 janvier 1972;5
19 juin 1970;5
19 novembre 1968;5
19 septembre 1972;5
30 septembre 1972;5
18 octobre 1968;5
23 octobre 1968;5
7 novembre 1968;5
28 septembre 1968;5
7 août 1969;5
23 mai 1969;5
22 septembre 1969;5
10 juillet 1948;5
8 juin 1971;5
16 décembre 1969;5
18 février 1970;5
30 juin 1971;5
5 mai 1962;5
26 juillet 1972;5
14 juin 1972;5
18 mars 1960;5
31 décembre 1980;5
12 décembre 1972;5
12 octobre 1972;5
12 juillet 1968;5
9 décembre 1968;5
17 novembre 1972;5
15 mars 1973;5
27 mars 1972;5
25 août 1973;5
4 août 1973;5
8 septembre 1973;5
15 septembre 1973;5
2 mai 1973;5
14 décembre 1973;5
2 juillet 1962;5
10 octobre 1974;5
25 octobre 1972;5
15 décembre 1975;5
6 novembre 1972;5
20 mars 1934;5
7 octobre 1974;5
12 février 1977;5
5 mars 1977;5
19 février 1977;5
29 décembre 1976;5
19 mars 1977;5
6 mai 1977;5
30 juillet 1977;5
14 avril 1975;5
9 février 1974;5
19 janvier 1974;5
21 mai 1953;5
15 mars 1975;5
8 mars 1975;5
7 mai 1975;5
28 juillet 1978;5
30 juin 1978;5
29 juillet 1978;5
26 janvier 1978;5
14 novembre 1978;5
19 octobre 1978;5
19 septembre 1945;5
12 juin 1980;5
7 avril 1980;5
12 mai 1980;5
28 avril 1980;5
13 juillet 1979;5
10 mai 1981;5
31 décembre 1986;5
16 avril 1986;5
31 décembre 1996;5
25 novembre 1986;5
30 juillet 1960;4
23 janvier 1963;4
30 juillet 1964;4
13 juillet 1963;4
5 novembre 1959;4
28 mai 1964;4
8 août 1964;4
21 mars 1964;4
2 mai 1961;4
16 avril 1964;4
25 juin 1964;4
22 mai 1951;4
25 janvier 1964;4
16 février 1957;4
3 avril 1955;4
8 mai 1962;4
21 décembre 1960;4
26 juin 1963;4
27 décembre 1963;4
29 janvier 1964;4
26 mai 1964;4
10 octobre 1967;4
7 juin 1967;4
9 NOVEMBRE 1968;4
30 novembre 1965;4
17 octobre 1969;4
7 mai 1969;4
26 septembre 1967;4
13 septembre 1969;4
31 décembre 1969;4
15 mai 1970;4
3 décembre 1966;4
29 août 1970;4
24 avril 1970;4
28 avril 1970;4
11 février 1950;4
23 novembre 1957;4
2 août 1949;4
2 décembre 1968;4
19 septembre 1970;4
7 janvier 1966;4
17 novembre 1969;4
26 septembre 1970;4
8 janvier 1969;4
12 juin 1970;4
23 avril 1971;4
29 mai 1970;4
9 juillet 1964;4
8 avril 1971;4
14 avril 1971;4
16 décembre 1970;4
21 décembre 1970;4
6 mars 1971;4
5 novembre 1971;4
2 février 1971;4
2 août 1968;4
10 mars 1964;4
2 septembre 1955;4
6 février 1969;4
22 avril 1971;4
28 mai 1971;4
22 septembre 1972;4
13 novembre 1972;4
22 novembre 1972;4
30 octobre 1969;4
20 juillet 1972;4
20 octobre 1972;4
22 mars 1972;4
9 août 1953;4
11 décembre 1968;4
10 juillet 1968;4
13 décembre 1968;4
8 juin 1946;4
25 novembre 1968;4
31 décembre 1967;4
14 décembre 1968;4
10 février 1964;4
16 mai 1969;4
12 mars 1964;4
18 août 1969;4
26 décembre 1961;4
5 février 1969;4
27 novembre 1946;4
20 mai 1953;4
20 mai 1969;4
2 avril 1969;4
25 mars 1965;4
21 juin 1960;4
14 mai 1969;4
21 mars 1969;4
6 avril 1965;4
30 décembre 1968;4
15 mars 1983;4
4 juin 1969;4
28 juillet 1960;4
10 juin 1971;4
11 juin 1971;4
2 février 1968;4
10 juillet 1974;4
16 juin 1971;4
9 juin 1971;4
25 juin 1970;4
20 décembre 1971;4
25 avril 1972;4
19 mai 1972;4
9 avril 1935;4
11 avril 1972;4
12 mai 1972;4
20 juin 1969;4
19 juillet 1968;4
10 octobre 1968;4
17 octobre 1973;4
15 mai 1973;4
4 janvier 1973;4
20 septembre 1971;4
8 juin 1973;4
11 août 1973;4
5 juillet 1973;4
11 juillet 1972;4
25 OCTOBRE 1973;4
26 juillet 1973;4
26 octobre 1973;4
29 janvier 1973;4
19 octobre 1973;4
5 décembre 1973;4
7 décembre 1973;4
13 décembre 1973;4
27 mars 1973;4
6 octobre 1973;4
8 février 1973;4
28 septembre 1974;4
13 juin 1975;4
11 septembre 1975;4
30 décembre 1975;4
16 décembre 1975;4
25 juin 1976;4
12 février 1974;4
9 mars 1972;4
30 juin 1979;4
20 mai 1976;4
5 octobre 1973;4
26 mars 1977;4
22 octobre 1955;4
29 décembre 1945;4
29 décembre 1973;4
27 décembre 1974;4
5 mai 1977;4
25 mai 1977;4
15 juin 1937;4
30 juin 1945;4
11 mai 1973;4
29 septembre 1971;4
24 mai 1975;4
18 avril 1975;4
22 mars 1975;4
16 novembre 1974;4
15 septembre 1975;4
8 mai 1975;4
11 juin 1975;4
29 juin 1978;4
20 mars 1978;4
10 novembre 1978;4
18 novembre 1978;4
22 novembre 1978;4
2 janvier 1978;4
24 octobre 1979;4
2 mai 1979;4
3 mars 1979;4
31 octobre 1979;4
31 mars 1980;4
18 janvier 1980;4
19 mai 1980;4
14 avril 1980;4
29 juillet 1980;4
15 juin 1982;4
19 octobre 1951;4
10 juillet 1986;4
7 janvier 1983;4
23 décembre 1985;4
21 décembre 1961;3
24 mai 1963;3
4 octobre 1958;3
25 septembre 1963;3
30 octobre 1963;3
23 avril 1964;3
30 juin 1964;3
26 novembre 1962;3
12 juin 1964;3
8 février 1964;3
16 mars 1953;3
21 avril 1810;3
13 juillet 1911;3
21 avril 1964;3
30 mai 1962;3
27 juin 1964;3
31 août 1963;3
15 mai 1964;3
18 octobre 1961;3
31 décembre 1957;3
15 février 1964;3
22 février 1964;3
9 août 1964;3
21 septembre 1963;3
2 juin 1964;3
7 août 1957;3
26 juin 1964;3
7 juin 1961;3
19 juillet 1958;3
18 juillet 1964;3
18 janvier 1964;3
18 janvier 1951;3
19 mars 1962;3
29 septembre 1970;3
14 août 1963;3
3 juin 1964;3
2 NOVEMBRE 1967;3
22 février 1967;3
23 octobre 1967;3
30 août 1967;3
4 août 1956;3
13 avril 1962;3
9 septembre 1967;3
21 décembre 1963;3
18 novembre 1942;3
9 septembre 1946;3
2 septembre 1967;3
30 juin 1967;3
22 juillet 1967;3
18 août 1967;3
23 avril 1969;3
27 avril 1969;3
14 novembre 1969;3
8 mars 1968;3
20 septembre 1969;3
12 janvier 1968;3
4 novembre 1969;3
15 NOVEMBRE 1969;3
30 septembre 1953;3
21 novembre 1969;3
12 août 1966;3
11 juillet 1970;3
28 février 1966;3
22 novembre 1967;3
12 juillet 1965;3
5 juin 1970;3
3 juillet 1970;3
9 avril 1970;3
18 juin 1966;3
23 janvier 1956;3
25 mars 1970;3
14 avril 1952;3
12 octobre 1967;3
9 novembre 1967;3
5 septembre 1970;3
16 octobre 1972;3
11 décembre 1969;3
27 avril 1967;3
26 octobre 1946;3
27 octobre 1970;3
15 décembre 1970;3
25 septembre 1948;3
19 mars 1955;3
23 mai 1951;3
26 octobre 1971;3
4 novembre 1968;3
28 OCTOBRE 1971;3
9 février 1968;3
6 janvier 1970;3
26 mars 1971;3
8 octobre 1971;3
13 novembre 1970;3
11 octobre 1972;3
7 mars 1953;3
30 juillet 1966;3
13 juillet 1962;3
19 mars 1968;3
31 juillet 1969;3
29 décembre 1968;3
17 mars 1967;3
23 avril 1968;3
14 novembre 1966;3
3 décembre 1968;3
6 décembre 1968;3
30 novembre 1968;3
19 décembre 1968;3
29 septembre 1948;3
5 juillet 1941;3
12 juin 1943;3
20 août 1962;3
5 août 1969;3
22 février 1968;3
12 avril 1969;3
26 septembre 1968;3
15 mars 1969;3
23 mai 1950;3
28 mai 1968;3
30 avril 1969;3
16 octobre 1968;3
22 mars 1969;3
16 novembre 1968;3
25 mars 1969;3
26 avril 1969;3
7 septembre 1951;3
28 décembre 1966;3
17 avril 1943;3
30 décembre 1926;3
26 mars 1969;3
30 août 1957;3
24 mai 1945;3
2 août 1969;3
6 mars 1969;3
24 août 1963;3
16 juillet 1969;3
12 mai 1971;3
27 février 1971;3
29 décembre 1970;3
17 décembre 1970;3
21 avril 1971;3
20 mars 1971;3
15 décembre 1967;3
29 avril 1971;3
4 janvier 1971;3
2 juin 1971;3
17 juin 1971;3
26 mai 1971;3
27 janvier 1970;3
13 juin 1963;3
24 juillet 1972;3
14 septembre 1970;3
6 juin 1972;3
23 mai 1972;3
28 octobre 1971;3
30 mai 1972;3
15 juin 1972;3
29 décembre 1971;3
7 juin 1972;3
9 juillet 1965;3
15 janvier 1972;3
13 février 1972;3
16 novembre 1971;3
17 mai 1972;3
25 mai 1972;3
31 mai 1972;3
19 décembre 1969;3
26 avril 1972;3
4 octobre 1972;3
27 avril 1972;3
18 novembre 1972;3
10 juin 1970;3
31 octobre 1969;3
15 octobre 1970;3
14 août 1968;3
25 juillet 1968;3
22 juillet 1968;3
29 novembre 1969;3
8 décembre 1971;3
18 mai 1972;3
6 juillet 1972;3
16 octobre 1973;3
4 mars 1973;3
22 mars 1973;3
9 avril 1973;3
9 novembre 1942;3
6 août 1948;3
3 janvier 1973;3
26 avril 1973;3
12 avril 1973;3
6 juillet 1960;3
15 mars 1972;3
19 décembre 1954;3
21 juin 1973;3
10 juillet 1973;3
2 octobre 1973;3
2 mars 1973;3
18 octobre 1973;3
6 décembre 1972;3
12 décembre 1973;3
23 novembre 1973;3
15 juin 1973;3
22 novembre 1974;3
4 juin 1973;3
7 septembre 1974;3
14 septembre 1974;3
30 décembre 1974;3
21 mai 1975;3
16 octobre 1975;3
23 mai 1975;3
4 octobre 1975;3
3 décembre 1975;3
11 décembre 1958;3
25 mai 1973;3
29 juillet 1975;3
12 juin 1975;3
28 février 1975;3
29 mai 1975;3
28 juin 1974;3
26 juin 1975;3
5 décembre 1975;3
5 juillet 1974;3
12 février 1976;3
30 juillet 1935;3
6 mars 1976;3
6 mai 1976;3
19 Novembre 1976;3
28 octobre 1976;3
2 avril 1977;3
13 juillet 1930;3
29 octobre 1976;3
27 décembre 1975;3
25 décembre 1973;3
4 mai 1976;3
16 novembre 1976;3
5 février 1977;3
28 décembre 1976;3
4 novembre 1976;3
10 juillet 1975;3
2 juillet 1975;3
11 mai 1977;3
24 décembre 1974;3
12 mai 1977;3
16 juin 1977;3
22 décembre 1972;3
27 août 1977;3
3 septembre 1977;3
24 septembre 1977;3
18 janvier 1973;3
30 juin 1977;3
12 octobre 1977;3
9 février 1977;3
27 mars 1974;3
22 novembre 1973;3
5 janvier 1972;3
30 décembre 1921;3
17 mai 1975;3
18 juin 1975;3
4 mars 1974;3
7 juin 1975;3
14 mai 1975;3
15 mai 1975;3
22 mai 1975;3
12 août 1978;3
8 mars 1978;3
2 septembre 1978;3
26 avril 1978;3
3 octobre 1978;3
19 avril 1978;3
17 novembre 1977;3
4 novembre 1978;3
12 décembre 1977;3
20 septembre 1978;3
11 octobre 1978;3
7 octobre 1978;3
12 mai 1978;3
17 mars 1978;3
31 mars 1979;3
15 septembre 1978;3
23 novembre 1978;3
6 janvier 1978;3
25 avril 1979;3
12 novembre 1968;3
27 mars 1979;3
17 novembre 1978;3
29 décembre 1979;3
10 mars 1979;3
23 octobre 1979;3
16 janvier 1979;3
8 novembre 1977;3
25 août 1930;3
24 mars 1980;3
13 juillet 1978;3
7 juillet 1980;3
4 février 1980;3
25 juin 1940;3
28 juillet 1980;3
23 avril 1980;3
31 décembre 1983;3
11 juillet 1986;3
29 octobre 1981;3
19 juillet 1977;3
22 décembre 1979;3
17 juillet 1986;3
26 mai 1952;3
23 octobre 1956;3
10 janvier 1980;3
28 NOVEMBRE 1988;3
22 juillet 1983;3
22 août 1964;2
26 avril 1963;2
14 octobre 1963;2
22 avril 1964;2
24 juillet 1964;2
20 août 1964;2
5 août 1960;2
7 juillet 1965;2
12 décembre 1951;2
20 novembre 1963;2
19 décembre 1961;2
6 mars 1954;2
20 juillet 1960;2
19 septembre 1956;2
3 novembre 1958;2
31 mai 1962;2
2 février 1962;2
16 juin 1964;2
14 juin 1963;2
13 avril 1964;2
6 mai 1964;2
15 juin 1963;2
12 septembre 1963;2
31 octobre 1954;2
31 décembre 1953;2
7 mars 1964;2
19 juin 1964;2
11 mars 1960;2
2 août 1914;2
17 janvier 1964;2
28 janvier 1954;2
15 octobre 1951;2
5 août 1961;2
10 août 1853;2
18 juin 1964;2
29 juin 1964;2
4 avril 1958;2
26 mai 1962;2
24 février 1964;2
9 mars 1956;2
18 mai 1962;2
13 octobre 1963;2
26 février 1964;2
31 décembre 1947;2
30 mars 1963;2
30 juin 1955;2
2 avril 1964;2
23 juillet 1964;2
29 février 1964;2
16 juillet 1962;2
12 mai 1960;2
28 juillet 1955;2
21 janvier 1956;2
12 juillet 1967;2
9 août 1966;2
24 mai 1967;2
31 octobre 1967;2
2 novembre 1957;2
29 juillet 1967;2
4 novembre 1966;2
7 août 1955;2
29 novembre 1944;2
1 mars 1967;2
17 septembre 1964;2
27 septembre 1940;2
23 août 1966;2
5 août 1967;2
19 août 1966;2
31 décembre 1964;2
18 avril 1955;2
27 octobre 1956;2
17 décembre 1960;2
3 avril 1950;2
31 décembre 1948;2
30 avril 1955;2
29 mai 1968;2
3 juillet 1967;2
27 mai 1969;2
7 septembre 1966;2
7 novembre 1969;2
12 novembre 1969;2
13 novembre 1969;2
20 septembre 1948;2
6 septembre 1969;2
17 septembre 1969;2
28 octobre 1969;2
7 octobre 1969;2
9 octobre 1969;2
15 NOVEMBRE 1909;2
10 décembre 1952;2
2 juillet 1966;2
10 octobre 1957;2
26 Octobre 1970;2
9 septembre 1948;2
5 avril 1968;2
26 juin 1970;2
22 février 1945;2
22 juillet 1970;2
29 avril 1970;2
31 janvier 1970;2
18 juin 1970;2
16 Novembre 1970;2
2 janvier 1970;2
20 mai 1970;2
17 novembre 1970;2
14 novembre 1970;2
3 septembre 1966;2
4 mai 1966;2
4 octobre 1965;2
29 juillet 1970;2
30 juin 1970;2
8 juillet 1965;2
7 octobre 1970;2
22 septembre 1970;2
9 août 1967;2
25 mai 1967;2
6 novembre 1968;2
15 juin 1970;2
7 novembre 1966;2
27 avril 1968;2
7 avril 1976;2
26 mars 1930;2
22 juin 1967;2
22 décembre 1961;2
14 juin 1938;2
2 juin 1960;2
9 juin 1965;2
31 août 1971;2
30 janvier 1969;2
16 octobre 1970;2
20 février 1971;2
26 septembre 1948;2
2 novembre 1971;2
3 juin 1970;2
30 octobre 1970;2
24 décembre 1936;2
11 décembre 1970;2
17 juillet 1971;2
19 octobre 1971;2
4 septembre 1971;2
25 septembre 1971;2
10 décembre 1946;2
21 juin 1936;2
25 février 1946;2
30 juillet 1946;2
24 octobre 1967;2
24 avril 1972;2
30 juillet 1963;2
20 novembre 1972;2
15 avril 1972;2
13 octobre 1972;2
16 mai 1953;2
23 septembre 1972;2
2 novembre 1972;2
28 janvier 1969;2
25 octobre 1968;2
21 février 1968;2
10 mai 1968;2
7 janvier 1969;2
4 janvier 1963;2
17 juillet 1964;2
26 juin 1968;2
4 juin 1968;2
30 juin 1956;2
4 août 1958;2
7 avril 1961;2
3 avril 1962;2
26 janvier 1969;2
17 août 1962;2
7 juin 1968;2
17 octobre 1968;2
6 juillet 1966;2
25 mars 1950;2
21 septembre 1968;2
25 janvier 1961;2
23 juillet 1968;2
29 janvier 1968;2
4 mai 1965;2
5 décembre 1968;2
8 juin 1962;2
9 août 1956;2
9 octobre 1968;2
3 mai 1968;2
10 juin 1968;2
17 décembre 1968;2
20 novembre 1968;2
20 septembre 1968;2
27 mai 1966;2
17 mars 1969;2
22 novembre 1968;2
18 octobre 1967;2
9 juillet 1969;2
13 septembre 1961;2
30 janvier 1967;2
8 février 1967;2
13 avril 1967;2
27 mai 1967;2
28 avril 1952;2
29 décembre 1959;2
3 janvier 1961;2
28 mars 1967;2
27 février 1951;2
2 août 1965;2
19 juillet 1967;2
29 juillet 1969;2
12 novembre 1959;2
19 septembre 1963;2
5 mai 1969;2
31 mars 1969;2
21 novembre 1968;2
3 juin 1969;2
23 juillet 1965;2
24 février 1969;2
3 mars 1969;2
25 juillet 1953;2
6 décembre 1965;2
31 mai 1955;2
23 avril 1965;2
19 juillet 1889;2
18 novembre 1966;2
3 octobre 1968;2
18 septembre 1969;2
24 décembre 1963;2
3 juin 1952;2
23 juillet 1969;2
27 septembre 1951;2
3 août 1962;2
16 avril 1930;2
3 mars 1966;2
10 juillet 1969;2
29 décembre 1892;2
27 juillet 1966;2
8 juillet 1969;2
11 juin 1969;2
19 novembre 1969;2
19 juin 1963;2
10 juillet 1970;2
13 juillet 1934;2
4 mai 1971;2
7 avril 1971;2
24 avril 1969;2
6 avril 1971;2
31 juillet 1970;2
19 juillet 1934;2
19 octobre 1945;2
23 octobre 1969;2
5 octobre 1949;2
25 mai 1970;2
13 décembre 1961;2
18 juin 1971;2
20 avril 1971;2
25 mai 1971;2
28 mars 1882;2
16 septembre 1972;2
7 avril 1972;2
30 décembre 1965;2
25 mars 1972;2
13 juin 1972;2
14 décembre 1967;2
10 mai 1972;2
20 novembre 1959;2
29 mars 1972;2
9 juin 1972;2
21 juillet 1967;2
28 avril 1972;2
13 avril 1935;2
5 mai 1945;2
10 mars 1972;2
27 avril 1941;2
4 mars 1944;2
7 décembre 1971;2
4 février 1972;2
17 juillet 1968;2
3 mai 1972;2
9 décembre 1971;2
6 janvier 1969;2
31 août 1937;2
11 mars 1970;2
6 octobre 1950;2
12 février 1972;2
5 mai 1972;2
21 juin 1971;2
30 décembre 1971;2
28 octobre 1970;2
24 juin 1971;2
25 juin 1971;2
22 octobre 1970;2
7 novembre 1970;2
22 octobre 1971;2
12 août 1968;2
28 novembre 1968;2
14 mars 1967;2
10 décembre 1970;2
12 mai 1954;2
21 octobre 1969;2
13 octobre 1971;2
21 octobre 1971;2
21 mai 1970;2
22 novembre 1969;2
24 juillet 1969;2
14 janvier 1972;2
7 octobre 1971;2
22 mai 1968;2
2 mai 1972;2
17 octobre 1972;2
22 juin 1969;2
10 octobre 1973;2
9 mars 1973;2
7 mai 1973;2
23 décembre 1972;2
3 mai 1973;2
5 septembre 1941;2
22 mai 1971;2
5 janvier 1973;2
13 mai 1943;2
29 août 1961;2
30 juin 1973;2
18 décembre 1971;2
4 juillet 1973;2
11 avril 1973;2
31 mars 1966;2
19 mai 1973;2
30 mai 1973;2
25 septembre 1974;2
20 septembre 1974;2
31 mai 1973;2
28 août 1973;2
5 décembre 1972;2
16 mars 1973;2
24 août 1961;2
13 mai 1971;2
21 octobre 1921;2
31 janvier 1973;2
5 janvier 1950;2
8 février 1966;2
3 novembre 1972;2
14 mars 1973;2
19 mars 1973;2
21 mars 1973;2
20 septembre 1973;2
12 juillet 1971;2
2 juin 1891;2
8 janvier 1941;2
3 décembre 1973;2
9 avril 1955;2
16 mai 1967;2
28 octobre 1973;2
19 février 1973;2
29 septembre 1973;2
15 janvier 1974;2
31 octobre 1973;2
9 novembre 1973;2
4 février 1955;2
9 juillet 1968;2
15 novembre 1974;2
20 novembre 1974;2
3 mai 1974;2
6 novembre 1970;2
12 juillet 1974;2
24 août 1974;2
26 juin 1950;2
10 mai 1962;2
30 Octobre 1975;2
5 août 1818;2
17 novembre 1958;2
30 octobre 1975;2
28 février 1973;2
12 juillet 1975;2
2 avril 1975;2
30 juillet 1975;2
6 septembre 1975;2
8 octobre 1975;2
16 janvier 1962;2
7 septembre 1975;2
13 Novembre 1975;2
8 février 1974;2
4 décembre 1974;2
20 juin 1975;2
9 mai 1975;2
23 mars 1972;2
8 septembre 1975;2
19 janvier 1970;2
6 février 1976;2
2 janvier 1976;2
6 novembre 1975;2
19 mai 1976;2
27 novembre 1975;2
17 avril 1975;2
31 août 1976;2
13 mai 1977;2
13 avril 1977;2
8 juillet 1976;2
19 octobre 1976;2
30 novembre 1976;2
3 mars 1977;2
11 mars 1977;2
6 avril 1977;2
4 mai 1577;2
10 février 1977;2
6 décembre 1976;2
30 mai 1975;2
2 octobre 1976;2
25 décembre 1976;2
29 janvier 1977;2
21 juin 1968;2
8 avril 1977;2
14 novembre 1958;2
23 mai 1960;2
10 septembre 1970;2
27 mars 1954;2
15 décembre 1976;2
26 mai 1977;2
12 avril 1939;2
27 février 1976;2
26 mai 1975;2
9 avril 1977;2
7 avril 1977;2
23 avril 1977;2
11 mars 1963;2
31 juillet 1977;2
7 juin 1977;2
26 février 1976;2
31 décembre 1951;2
10 septembre 1978;2
5 juillet 1977;2
26 juin 1940;2
23 décembre 1973;2
16 avril 1975;2
15 juin 1977;2
20 juillet 1959;2
17 juillet 1973;2
4 octobre 1977;2
24 juin 1977;2
20 septembre 1977;2
9 juillet 1977;2
5 octobre 1977;2
8 octobre 1977;2
11 janvier 1972;2
28 septembre 1942;2
9 décembre 1975;2
25 mars 1974;2
24 janvier 1974;2
29 juin 1965;2
20 décembre 1961;2
16 janvier 1974;2
29 novembre 1973;2
24 octobre 1973;2
16 novembre 1973;2
7 février 1973;2
30 mars 1974;2
27 novembre 1970;2
28 avril 1975;2
11 février 1975;2
8 juillet 1975;2
14 octobre 1974;2
5 mars 1975;2
28 mai 1975;2
22 avril 1974;2
29 mars 1975;2
4 avril 1975;2
14 juin 1975;2
19 avril 1975;2
16 novembre 1960;2
20 juillet 1966;2
8 mai 1951;2
26 juin 1974;2
4 décembre 1972;2
16 Mars 1979;2
28 avril 1976;2
24 octobre 1978;2
10 février 1978;2
7 avril 1978;2
1 janvier 1978;2
1 janvier 1975;2
1 octobre 1978;2
3 février 1976;2
13 novembre 1963;2
1 septembre 1978;2
31 décembre 1978;2
5 décembre 1962;2
25 juin 1973;2
28 mars 1977;2
27 juillet 1978;2
26 janvier 1977;2
8 juin 1978;2
27 avril 1978;2
31 mai 1978;2
4 octobre 1978;2
28 décembre 1977;2
9 novembre 1978;2
15 Novembre 1978;2
29 décembre 1977;2
8 novembre 1978;2
26 octobre 1978;2
21 octobre 1976;2
22 octobre 1977;2
29 septembre 1978;2
13 octobre 1978;2
21 septembre 1977;2
8 février 1978;2
10 mai 1978;2
9 mars 1978;2
14 octobre 1978;2
17 juin 1978;2
21 juin 1978;2
16 juin 1978;2
24 novembre 1978;2
22 juillet 1978;2
23 septembre 1975;2
27 juin 1978;2
8 décembre 1978;2
4 mai 1979;2
27 avril 1979;2
10 avril 1932;2
23 mars 1979;2
30 novembre 1978;2
30 mars 1979;2
5 janvier 1979;2
10 février 1979;2
24 février 1979;2
9 janvier 1956;2
13 octobre 1954;2
31 Octobre 1979;2
22 août 1946;2
5 novembre 1979;2
6 avril 1979;2
5 octobre 1979;2
18 juillet 1978;2
14 juin 1976;2
25 juillet 1979;2
5 mars 1980;2
20 juin 1980;2
13 juin 1980;2
18 juin 1980;2
18 octobre 1979;2
6 juin 1980;2
17 octobre 1979;2
9 août 1980;2
18 août 1965;2
5 août 1980;2
18 janvier 1979;2
16 février 1962;2
22 mai 1946;2
22 juillet 1952;2
6 juin 1944;2
28 janvier 1980;2
3 septembre 1980;2
24 juillet 1980;2
20 décembre 1979;2
12 décembre 1979;2
12 octobre 1978;2
12 décembre 1939;2
10 mars 1980;2
19 janvier 1980;2
22 janvier 1980;2
4 juillet 1980;2
24 avril 1980;2
27 juin 1980;2
18 août 1980;2
6 août 1955;2
6 août 1935;2
14 mai 1951;2
22 février 1979;2
30 Septembre 1982;2
30 septembre 1982;2
2 MARS 1982;2
11 juin 1981;2
80 SEPTEMBRE 1982;2
14 Juin 1982;2
12 juin 1982;2
14 juin 1982;2
16 novembre 1981;2
28 mai 1982;2
31 décembre 1985;2
17 NOVEMBRE 1989;2
20 janvier 1984;2
16 février 1976;2
21 novembre 1979;2
19 octobre 1991;2
6 juillet 1956;2
6 octobre 1981;2
15 juillet 1981;2
7 septembre 1981;2
2 juillet 1981;2
19 octobre 1581;2
3 juillet 1981;2
27 mai 1982;2
15 juillet 1986;2
29 mai 1986;2
31 mai 1986;2
30 juin 1986;2
8 novembre 1986;2
29 juillet 1982;2
16 mars 1986;2
2 août 1984;2
9 avril 1986;2
9 décembre 1986;2
2 décembre 1986;2
11 août 1986;2
14 février 1986;2
18 avril 1985;2
18 décembre 1979;2
28 NOVEMBRE 1986;2
26 juin 1986;2
29 juin 1984;2
23 Octobre 1964;1
22 Octobre 1964;1
17 décembre 1961;1
19 septembre 1960;1
24 octobre 1961;1
20 février 1962;1
3 mars 1962;1
4 mars 1962;1
13 juin 1851;1
20 mars 1964;1
15 janvier 1957;1
22 mai 1964;1
12 mai 1964;1
22 juin 1962;1
26 juin 1962;1
2 OCTOBRE 1964;1
22 OCTOBRE 1961;1
21 Octobre 1966;1
20 Octobre 1966;1
12 août 1965;1
11 août 1965;1
30 juin 1960;1
27 septembre 1966;1
26 août 1966;1
20 octobre 1966;1
4 septembre 1964;1
5 septembre 1964;1
5 août 1060;1
3 septembre 1964;1
10 septembre 1964;1
11 septembre 1964;1
18 décembre 1951;1
26 août 1964;1
8 août 1982;1
30 septembre 1963;1
17 septembre 1955;1
28 octobre 1955;1
31 janvier 1961;1
24 août 1964;1
10 avril 1957;1
15 septembre 1960;1
19 septembre 1940;1
6 juin 1941;1
12 novembre 1955;1
10 mai 1963;1
29 septembre 1963;1
28 mai 1962;1
20 mai 1964;1
29 octobre 1936;1
28 juin 1919;1
10 juin 1964;1
4 décembre 1962;1
12 décembre 1962;1
6 février 1963;1
20 mars 1956;1
17 septembre 1963;1
13 mars 1964;1
7 septembre 1963;1
16 octobre 1963;1
19 octobre 1963;1
13 novembre 1962;1
7 novembre 1963;1
30 juin 1963;1
26 janvier 1964;1
4 juillet 1963;1
9 février 1962;1
6 décembre 1963;1
13 décembre 1963;1
8 juin 1959;1
19 septembre 1955;1
17 septembre 1956;1
23 juin 1964;1
11 avril 1964;1
27 juillet 1964;1
15 novembre 1962;1
23 décembre 1960;1
7 janvier 1954;1
29 septembre 1962;1
4 avril 1960;1
31 décembre 1956;1
24 juin 1964;1
19 décembre 1926;1
20 janvier 1940;1
7 octobre 1946;1
4 juin 1962;1
11 juin 1954;1
20 juin 1954;1
15 octobre 1952;1
3 septembre 1954;1
3 novembre 1956;1
23 septembre 1961;1
14 juillet 1962;1
17 juin 1964;1
7 novembre 1962;1
27 janvier 1964;1
30 novembre 1950;1
4 avril 1951;1
8 octobre 1959;1
16 avril 1963;1
16 juillet 1956;1
29 mai 1964;1
21 avril 1962;1
5 juin 1962;1
9 janvier 1963;1
13 novembre 1956;1
28 décembre 1958;1
11 juin 1963;1
29 novembre 1963;1
16 décembre 1950;1
27 août 1964;1
3 mars 1952;1
9 septembre 1963;1
19 novembre 1963;1
19 février 1963;1
31 août 1962;1
25 avril 1964;1
2 mai 1954;1
29 avril 1964;1
9 mai 1964;1
13 janvier 1959;1
14 août 1954;1
29 décembre 1961;1
24 février 1962;1
7 mai 1957;1
17 juin 1961;1
24 juillet 1963;1
8 avril 1964;1
9 avril 1964;1
24 octobre 1963;1
14 avril 1964;1
15 avril 1964;1
15 mars 1954;1
19 mai 1964;1
28 février 1938;1
11 juillet 1963;1
20 juin 1962;1
25 février 1964;1
16 juin 1956;1
16 janvier 1963;1
17 janvier 1963;1
3 février 1964;1
3 février 1954;1
6 avril 1964;1
22 septembre 1959;1
6 novembre 1963;1
7 juillet 1964;1
23 décembre 1958;1
4 juillet 1966;1
28 septembre 1966;1
2 NOVEMBRE 1907;1
14 février 1963;1
30 octobre 1967;1
4 mai 1967;1
18 mars 1966;1
22 février 1965;1
7 juin 1960;1
10 juillet 1984;1
29 novembre 1950;1
19 septembre 1967;1
12 avril 1941;1
8 septembre 1945;1
22 août 1950;1
15 mars 1967;1
11 octobre 1945;1
27 novembre 1952;1
10 mai 1967;1
23 mars 1855;1
29 mai 1967;1
15 septembre 1967;1
9 juin 1967;1
17 novembre 1966;1
7 juillet 1957;1
27 mai 1958;1
4 octobre 1955;1
10 février 1959;1
26 septembre 1966;1
30 octobre 1962;1
12 octobre 1961;1
23 septembre 1907;1
2 octobre 1967;1
27 septembre 1910;1
20 septembre 1967;1
16 décembre 1966;1
26 août 1967;1
16 septembre 1967;1
5 janvier 1959;1
18 décembre 1959;1
22 juillet 1937;1
19 août 1967;1
5 octobre 1966;1
30 avril 1921;1
26 juin 1967;1
20 avril 1966;1
29 juillet 1367;1
26 juillet 1955;1
10 janvier 1961;1
7 juillet 1967;1
10 novembre 1966;1
16 septembre 1807;1
9 décembre 1953;1
5 septembre 1967;1
5 novembre 1953;1
17 décembre 1957;1
24 avril 1964;1
16 mars 1966;1
24 septembre 1960;1
9 Novembre 1968;1
8 juin 1968;1
31 août 1968;1
11 juillet 1966;1
12 octobre 1968;1
3 novembre 1968;1
24 mars 1968;1
19 octobre 1967;1
17 mars 1898;1
4 janvier 1955;1
14 octobre 1955;1
3 octobre 1962;1
8 juin 1966;1
16 mai 1968;1
28 septembre 1964;1
20 décembre 1967;1
9 novembre 1988;1
2 juillet 1945;1
5 Novembre 1969;1
8 mai 1968;1
5 juin 1967;1
9 septembre 1969;1
27 juillet 1967;1
7 NOVEMBRE 1969;1
14 NOVEMBRE 1969;1
26 octobre 1967;1
7 novembre 1967;1
15 avril 1961;1
24 septembre 1957;1
9 décembre 1959;1
30 septembre 1959;1
16 avril 1969;1
15 octobre 1969;1
20 septembre 4969;1
25 septembre 1965;1
16 octobre 1965;1
3 septembre 1969;1
22 novembre 1964;1
29 septembre 1969;1
16 Novembre 1969;1
15 Novembre 1969;1
20 octobre 1960;1
28 juin 1966;1
15 NOVEMBRE 1965;1
8 mars 1969;1
19 août 1921;1
9 avril 1969;1
6 juin 1952;1
6 juillet 1955;1
15 novembre 1909;1
17 janvier 1968;1
13 juin 1957;1
22 mars 1956;1
20 janvier 1970;1
22 février 1970;1
1 janvier 1972;1
9 mars 1970;1
30 décembre 1969;1
8 août 1967;1
17 mars 1966;1
17 octobre 1970;1
6 mai 1975;1
24 juillet 1970;1
17 avril 1970;1
25 février 1970;1
21 août 1970;1
13 janvier 1970;1
1 janvier 1976;1
25 octobre 1970;1
27 décembre 1988;1
27 décembre 1969;1
1 janvier 1970;1
26 novembre 1964;1
24 janvier 1970;1
28 mars 1970;1
9 décembre 1948;1
12 septembre 1970;1
3 juin 1959;1
13 octobre 1965;1
28 avril 1965;1
16 avril 1966;1
4 juillet 1970;1
9 avril 1898;1
10 août 1970;1
30 avril 1970;1
16 NOVEMBRE 1971;1
20 Novembre 1970;1
19 Novembre 1970;1
15 décembre 1968;1
15 mars 1968;1
8 août 1935;1
13 avril 1951;1
13 juin 1944;1
21 avril 1970;1
14 février 1967;1
7 mars 1970;1
7 avril 1970;1
2 décembre 1962;1
26 septembre 1969;1
30 août 1970;1
9 décembre 1969;1
10 janvier 1969;1
15 janvier 1965;1
13 février 1968;1
23 juin 1970;1
19 juillet 1970;1
15 juin 1959;1
17 janvier 1970;1
16 juillet 1970;1
17 décembre 1966;1
17 juin 1970;1
11 avril 1970;1
22 juin 1970;1
26 décembre 1959;1
17 mars 1970;1
16 Avril 1971;1
15 Avril 1971;1
29 octobre 1969;1
10 mars 1927;1
5 janvier 1971;1
21 décembre 1965;1
20 avril 1939;1
13 mars 1969;1
27 juin 1967;1
28 juillet 1924;1
30 janvier 1923;1
18 juillet 1924;1
27 avril 1976;1
19 novembre 1965;1
27 février 1880;1
27 septembre 1967;1
31 décembre 1945;1
27 février 1958;1
23 AVRIL 1971;1
4 mai 1948;1
25 mars 1949;1
25 novembre 1970;1
20 novembre 1970;1
25 novembre 1965;1
4 juillet 1957;1
3 juillet 1960;1
20 juillet 1954;1
28 mai 1970;1
21 février 1958;1
24 décembre 1970;1
30 septembre 1970;1
15 mars 1955;1
31 août 1964;1
27 juin 1962;1
13 février 1971;1
27 Octobre 1971;1
26 Octobre 1971;1
4 juillet 1866;1
8 août 1950;1
2 juillet 1970;1
20 Novembre 1971;1
19 Novembre 1971;1
20 juillet 1971;1
17 juin 1966;1
29 février 1956;1
19 mai 1834;1
31 décembre 1966;1
13 décembre 1960;1
20 août 1970;1
17 décembre 1965;1
10 mars 1971;1
24 octobre 1958;1
27 juillet 1970;1
8 mars 1971;1
31 mars 1971;1
9 juillet 1985;1
9 janvier 1969;1
19 novembre 1071;1
20 mars 1968;1
4 juillet 1949;1
21 octobre 1970;1
7 août 1971;1
30 novembre 1964;1
6 novembre 1971;1
15 juillet 1971;1
21 août 1971;1
23 septembre 1954;1
26 août 1971;1
28 août 1971;1
10 juillet 1971;1
20 juin 1971;1
5 octobre 1971;1
11 mars 1964;1
22 mars 1937;1
29 mai 1971;1
11 septembre 1971;1
14 Novembre 1972;1
13 Novembre 1972;1
3 avril 1953;1
22 décembre 1953;1
28 janvier 1957;1
10 septembre 1962;1
24 avril 1971;1
22 Novembre 1972;1
21 Novembre 1972;1
16 mars 1970;1
17 juin 1969;1
23 août 1950;1
27 novembre 1968;1
30 juin 1961;1
30 décembre 1961;1
29 avril 1963;1
18 octobre 1972;1
2 août 1972;1
10 octobre 1972;1
5 août 1972;1
23 février 1972;1
28 juin 1968;1
29 juillet 1972;1
7 décembre 1966;1
30 octobre 1935;1
9 septembre 1941;1
23 juin 1971;1
27 octobre 1972;1
15 mars 1956;1
12 avril 1966;1
30 juin 1966;1
5 mars 1965;1
15 octobre 1945;1
24 novembre 1966;1
31 mai 1967;1
3 juillet 1956;1
13 juillet 1956;1
17 octobre 1967;1
13 novembre 1964;1
12 avril 1949;1
2 janvier 1969;1
17 octobre 1962;1
7 septembre 1968;1
20 septembre 1963;1
13 mai 1965;1
28 avril 1968;1
4 octobre 1966;1
12 février 1964;1
15 juin 1966;1
14 septembre 1946;1
24 janvier 1924;1
20 avril 1953;1
18 novembre 1957;1
7 février 1968;1
15 Février 1989;1
6 avril 1966;1
16 juin 1959;1
30 juin 1962;1
30 mars 1948;1
2 mars 1968;1
24 septembre 1958;1
26 avril 1961;1
9 avril 1968;1
5 janvier 1969;1
6 août 1564;1
6 août 1964;1
22 mars 1986;1
2 janvier 1967;1
31 janvier 1968;1
14 septembre 1968;1
26 septembre 1960;1
15 avril 1969;1
22 avril 1968;1
23 août 1968;1
7 février 1963;1
12 décembre 1967;1
23 mars 1968;1
2 juin 1965;1
2 février 1939;1
12 novembre 1938;1
16 janvier 1969;1
19 octobre 1960;1
30 avril 1962;1
25 juin 1962;1
4 mars 1963;1
8 février 1965;1
22 novembre 1966;1
25 janvier 1967;1
21 novembre 1967;1
30 avril 1968;1
3 mars 1968;1
21 octobre 1946;1
20 décembre 1964;1
16 juin 1968;1
15 août 1945;1
29 mars 1878;1
2 octobre 1968;1
17 novembre 1955;1
31 mai 1964;1
22 juin 1954;1
15 avril 1953;1
14 mai 1950;1
4 décembre 1968;1
14 juin 1966;1
20 juin 1967;1
9 mai 1980;1
16 août 1960;1
27 juillet 1961;1
29 juin 1968;1
16 juin 1963;1
16 juin 1965;1
5 juillet 1968;1
18 juin 1968;1
9 juillet 1966;1
19 juillet 1966;1
19 septembre 1961;1
30 juin 1968;1
4 décembre 1967;1
30 octobre 1886;1
15 décembre 1966;1
4 février 1964;1
3 juillet 1969;1
15 fevrier 1969;1
11 août 1969;1
1 mai 1969;1
24 mars 1969;1
28 mars 1969;1
28 mai 1988;1
15 mai 1969;1
28 décembre 1930;1
12 juillet 1369;1
30 mars 1985;1
27 mai 1952;1
13 janvier 1969;1
10 avril 1969;1
21 janvier 1964;1
10 avril 1954;1
14 mai 1965;1
16 août 1966;1
27 avril 1951;1
23 Août 1989;1
3 juillet 1963;1
28 juillet 1959;1
9 octobre 1953;1
23 septembre 1667;1
16 mai 1930;1
23 mai 1964;1
13 mai 1960;1
25 avril 1969;1
29 décembre 1810;1
12 janvier 1811;1
9 février 1959;1
24 novembre 1968;1
5 septembre 1968;1
27 janvier 1967;1
22 décembre 1968;1
11 mai 1950;1
11 novembre 1968;1
18 juin 1969;1
9 septembre 1966;1
11 septembre 1955;1
10 janvier 1968;1
28 décembre 1939;1
9 janvier 1939;1
29 mars 1969;1
9 janvier 1961;1
20 février 1969;1
25 juillet 1893;1
23 novembre 1953;1
20 avril 1957;1
17 septembre 1958;1
29 mai 1943;1
12 avril 1954;1
17 mai 1945;1
13 août 1947;1
12 mars 1961;1
28 mai 1956;1
21 septembre 1881;1
7 mai 1946;1
23 octobre 1962;1
13 janvier 1853;1
22 mai 1911;1
10 septembre 1931;1
19 novembre 1952;1
3 juin 1953;1
4 février 1954;1
26 janvier 1966;1
26 juin 1946;1
24 mars 1967;1
12 août 1941;1
20 janvier 1969;1
24 mai 1968;1
13 juin 1962;1
13 juin 1982;1
26 octobre 1966;1
30 juillet 1969;1
10 décembre 1968;1
2 décembre 1965;1
3 décembre 1965;1
22 juillet 1966;1
2 septembre 1966;1
20 juin 1859;1
4 janvier 1968;1
10 février 1961;1
22 février 1969;1
11 septembre 1967;1
27 mars 1969;1
26 novembre 1988;1
4 décembre 1969;1
24 février 1930;1
24 février 1960;1
23 janvier 1969;1
15 septembre 1969;1
18 janvier 1887;1
7 juin 1946;1
20 juin 1946;1
25 mai 1950;1
20 mars 1963;1
21 mai 1965;1
12 juin 1969;1
28 novembre 1966;1
14 octobre 1968;1
11 juillet 1969;1
17 juillet 1969;1
28 février 1952;1
27 Septembre 1959;1
5 juin 1969;1
6 juin 1969;1
27 avril 1966;1
18 février 1971;1
12 mai 1961;1
6 décembre 1955;1
8 octobre 1962;1
25 mars 1971;1
11 septembre 1970;1
11 septembre 1968;1
25 mars 1963;1
6 décembre 1961;1
4 novembre 1970;1
29 mars 1971;1
15 mai 1939;1
28 avril 1961;1
9 novembre 1962;1
1 juillet 1971;1
19 décembre 1945;1
14 septembre 1947;1
9 octobre 1950;1
3 février 1971;1
19 octobre 1968;1
23 janvier 1971;1
6 mai 1971;1
11 juin 1970;1
18 juillet 1970;1
30 mars 1931;1
20 avril 1950;1
21 septembre 1950;1
24 mai 1916;1
8 septembre 1970;1
27 mai 1971;1
11 mai 1971;1
13 janvier 1971;1
22 juillet 1948;1
21 mars 1970;1
3 décembre 1970;1
27 octobre 1938;1
13 mars 1971;1
1 janvier 1960;1
18 mai 1971;1
6 janvier 1971;1
29 décembre 1967;1
16 avril 1971;1
13 janvier 1967;1
22 novembre 1970;1
26 août 1970;1
24 juin 1919;1
19 octobre 1946;1
19 juin 1961;1
5 mars 1969;1
15 décembre 1969;1
21 février 1964;1
22 juin 1971;1
5 avril 1971;1
28 novembre 1963;1
19 février 1971;1
15 novembre 1967;1
27 juillet 1968;1
7 décembre 1969;1
19 décembre 1970;1
8 juin 1970;1
12 août 1959;1
5 mai 1952;1
28 octobre 1370;1
5 mai 1982;1
17 mars 1945;1
18 mars 1946;1
9 juillet 1910;1
19 mars 1971;1
16 janvier 1971;1
19 août 1965;1
21 juillet 1966;1
14 juin 1971;1
16 avril 1952;1
27 janvier 1972;1
15 septembre 1972;1
3 mai 1971;1
1 janvier 1968;1
17 septembre 1972;1
18 juillet 1972;1
16 août 1901;1
10 novembre 1971;1
8 janvier 1959;1
2 avril 1960;1
11 octobre 1958;1
3 octobre 1960;1
21 septembre 1971;1
13 mai 1970;1
13 novembre 1971;1
5 mars 1971;1
18 juin 1972;1
1 novembre 1970;1
18 mars 1972;1
31 janvier 1959;1
22 novembre 1954;1
20 janvier 1972;1
16 mai 1972;1
2 juin 1972;1
8 février 1972;1
4 août 1970;1
3 septembre 1953;1
20 mai 1963;1
11 mars 1972;1
16 mars 1964;1
5 septembre 1960;1
9 janvier 1970;1
4 mars 1970;1
30 juillet 1968;1
29 octobre 1921;1
22 mars 1924;1
12 juin 1956;1
26 janvier 1970;1
24 février 1971;1
11 juin 1972;1
3 décembre 1971;1
26 mai 1963;1
18 mars 1963;1
4 octobre 1963;1
24 août 1962;1
25 novembre 1971;1
13 juillet 1987;1
7 juin 1971;1
28 juin 1971;1
12 avril 1963;1
16 novembre 1964;1
12 mai 1965;1
31 décembre 1908;1
31 juillet 1971;1
4 mars 1972;1
5 février 1972;1
21 avril 1972;1
11 février 1971;1
17 novembre 1936;1
3 mai 1928;1
6 octobre 1960;1
20 avril 1963;1
11 octobre 1946;1
19 septembre 1969;1
10 décembre 1969;1
26 novembre 1969;1
15 avril 1970;1
6 mai 1970;1
4 juin 1971;1
12 juin 1971;1
30 novembre 1971;1
24 octobre 1972;1
8 octobre 1968;1
5 novembre 1968;1
18 novembre 1968;1
2 décembre 1971;1
25 août 1937;1
16 juillet 1968;1
31 mars 1972;1
9 décembre 1970;1
17 novembre 1971;1
23 avril 1972;1
5 avril 1972;1
15 novembre 1968;1
23 mai 1967;1
13 novembre 1968;1
4 novembre 1971;1
14 novembre 1972;1
25 novembre 1969;1
27 novembre 1969;1
9 octobre 1970;1
15 novembre 1971;1
23 novembre 1971;1
13 août 1968;1
27 mars 1971;1
16 décembre 1971;1
19 octobre 1972;1
26 mai 1970;1
8 novembre 1971;1
6 juin 1953;1
17 décembre 1962;1
29 juillet 1925;1
7 février 1881;1
14 octobre 1969;1
3 novembre 1969;1
17 décembre 1969;1
25 juillet 1969;1
17 septembre 1970;1
13 janvier 1972;1
18 avril 1961;1
24 avril 1963;1
3 novembre 1971;1
10 novembre 1972;1
15 novembre 1972;1
9 novembre 1972;1
20 novembre 1969;1
4 décembre 1970;1
8 novembre 1972;1
23 juin 1969;1
22 juillet 1969;1
4 octobre 1968;1
10 avril 1970;1
12 Octobre 1973;1
16 mai 1973;1
2 juin 1973;1
4 avril 1965;1
19 avril 1973;1
9 juillet 1973;1
27 août 1973;1
31 décembre 1925;1
26 février 1972;1
20 juin 1973;1
9 février 1973;1
16 février 1968;1
18 juin 1973;1
17 juillet 1972;1
27 janvier 1973;1
10 septembre 1973;1
20 février 1959;1
31 décembre 1941;1
21 février 1962;1
25 juillet 1960;1
17 mai 1973;1
18 décembre 1972;1
9 juin 1970;1
5 mai 1973;1
5 mars 1962;1
12 juin 1967;1
3 août 1959;1
27 décembre 1972;1
10 septembre 1971;1
23 juillet 1973;1
6 juillet 1961;1
31 mars 1973;1
19 juillet 1962;1
9 juin 1973;1
25 juillet 1973;1
13 mai 1973;1
26 janvier 1972;1
7 juillet 1973;1
14 août 1970;1
11 août 1954;1
17 mars 1973;1
15 décembre 1972;1
15 février 1973;1
5 octobre 1673;1
26 Octobre 1973;1
17 mars 1958;1
10 juillet 1961;1
24 septembre 1965;1
3 septembre 1973;1
10 septembre 1952;1
24 décembre 1954;1
20 décembre 1966;1
27 février 1970;1
22 juin 1973;1
15 février 1972;1
29 octobre 1973;1
11 mars 1975;1
20 mars 1973;1
27 juillet 1973;1
24 mars 1973;1
5 avril 1973;1
23 octobre 1973;1
14 avril 1973;1
7 février 1958;1
27 octobre 1913;1
6 juin 1973;1
18 mai 1973;1
30 décembre 1949;1
4 janvier 1966;1
9 juillet 1959;1
5 Décembre 1973;1
28 octobre 1965;1
23 novembre 1961;1
5 DECEMBRE 1975;1
30 juin 1974;1
29 mars 1950;1
21 septembre 1973;1
11 décembre 1973;1
3 janvier 1968;1
5 octobre 1972;1
30 août 1972;1
25 janvier 1956;1
9 décembre 1966;1
19 octobre 1959;1
9 septembre 1970;1
8 décembre 1975;1
5 décembre 1963;1
8 avril 1068;1
3 octobre 1973;1
14 septembre 1973;1
9 mars 1966;1
24 mai 1973;1
31 mars 1964;1
18 mai 1959;1
22 janvier 1972;1
4 avril 1966;1
5 mai 1966;1
5 janvier 1952;1
10 janvier 1952;1
22 octobre 1973;1
10 novembre 1973;1
7 juin 1973;1
13 avril 1972;1
26 mars 1973;1
10 février 1972;1
12 Novembre 1974;1
7 juillet 1874;1
14 novembre 1974;1
18 novembre 1974;1
19 novembre 1974;1
21 novembre 1974;1
19 décembre 1972;1
21 février 1971;1
22 mai 1973;1
7 novembre 1973;1
17 octobre 1868;1
25 octobre 5300;1
27 juin 1974;1
31 octobre 1974;1
26 novembre 1973;1
13 janvier 1966;1
13 janvier 1911;1
5 octobre 1974;1
1 juillet 1974;1
18 janvier 1972;1
9 octobre 1974;1
12 juin 1974;1
10 août 1974;1
18 mai 1946;1
31 août 1974;1
13 Novembre 1974;1
11 juin 1940;1
8 avril 1975;1
23 avril 1810;1
13 décembre 1972;1
4 novembre 1975;1
19 octobre 1975;1
19 avril 1968;1
3 décembre 1963;1
7 mars 1957;1
6 décembre 1956;1
8 février 1975;1
16 octobre 1974;1
19 octobre 1956;1
2 septembre 1975;1
20 septembre 1975;1
20 avril 1974;1
2 août 1975;1
27 avril 1975;1
11 avril 1975;1
26 juillet 1975;1
10 septembre 1975;1
20 février 1975;1
5 septembre 1973;1
24 juin 1975;1
20 mars 1951;1
12 avril 1960;1
21 septembre 1974;1
2 août 1974;1
26 décembre 1962;1
15 septembre 1974;1
17 juillet 1954;1
26 août 1975;1
21 mai 1973;1
17 septembre 1975;1
23 novembre 1964;1
9 décembre 1964;1
7 mars 1972;1
4 avril 1974;1
14 Novembre 1975;1
16 décembre 1974;1
29 août 1975;1
22 janvier 1975;1
9 juin 1975;1
13 mars 1975;1
5 mai 1975;1
21 juillet 1975;1
20 février 1905;1
12 août 1961;1
25 mai 1974;1
21 août 1975;1
14 janvier 1976;1
12 novembre 1973;1
12 mai 1974;1
3 juillet 1975;1
8 Mai 1976;1
7 Mai 1976;1
10 mai 1975;1
9 janvier 1976;1
26 mai 1955;1
2 avril 1976;1
7 MAI 1476;1
20 août 1973;1
21 mars 1966;1
15 juillet 1845;1
20 mai 1967;1
25 Juin 1976;1
10 juin 1976;1
3 juin 1976;1
19 novembre 1945;1
28 juin 1976;1
26 novembre 1975;1
10 janvier 1976;1
10 décembre 1975;1
11 décembre 1972;1
17 mai 1974;1
16 juin 1976;1
15 avril 1976;1
17 juin 1976;1
31 mai 1976;1
23 juin 1976;1
19 avril 1974;1
30 octobre 1946;1
25 mai 1959;1
20 avril 1976;1
26 juin 1978;1
20 juin 1976;1
6 juin 1978;1
25 novembre 1974;1
25 JUIN 1978;1
20 décembre 1963;1
28 février 1976;1
19 mars 1963;1
14 février 1976;1
29 avril 1976;1
6 mars 1970;1
7 mai 1976;1
21 mai 1976;1
30 novembre 1970;1
14 juin 1961;1
11 septembre 1973;1
10 avril 1976;1
6 juillet 1975;1
4 juin 1976;1
20 Novembre 1976;1
24 octobre 1975;1
22 juillet 1975;1
15 janvier 1963;1
15 novembre 1976;1
18 novembre 1876;1
25 novembre 1976;1
14 août 1976;1
29 janvier 1976;1
13 novembre 1975;1
18 décembre 1975;1
23 avril 1798;1
20 mai 1975;1
12 octobre 1976;1
4 Mai 1977;1
3 Mai 1977;1
14 février 1977;1
21 août 1974;1
15 juin 1907;1
13 décembre 1926;1
2 mai 1977;1
8 juillet 1963;1
7 juillet 1976;1
31 décembre 1946;1
11 janvier 1977;1
26 mars 1957;1
27 décembre 1976;1
5 juin 1975;1
30 juillet 1973;1
5 mars 1924;1
29 octobre 1975;1
6 janvier 1975;1
29 juin 1975;1
10 novembre 1976;1
24 août 1976;1
17 janvier 1977;1
18 septembre 1976;1
3 octobre 1976;1
3 avril 1971;1
30 novembre 1973;1
17 décembre 1976;1
25 février 1972;1
15 janvier 1977;1
13 décembre 1976;1
24 juillet 1976;1
21 juin 1976;1
14 janvier 1974;1
7 octobre 1976;1
30 septembre 1976;1
4 décembre 1976;1
22 janvier 1977;1
5 janvier 1977;1
27 janvier 1977;1
3 décembre 1976;1
31 Mars 1977;1
23 octobre 1976;1
8 janvier 1977;1
4 février 1977;1
5 août 1976;1
30 mai 1974;1
22 février 1974;1
31 DÉCEMBRE 1974;1
31 DÉCEMBRE 1975;1
31 DÉCEMBRE 1976;1
16 février 1977;1
7 juin 1963;1
15 décembre 1954;1
15 mars 1977;1
11 novembre 1976;1
17 avril 1951;1
9 janvier 1975;1
36 mars 1977;1
16 avril 1977;1
22 avril 1977;1
23 mars 1977;1
4 Juin 1977;1
3 Juin 1977;1
29 mars 1974;1
21 janvier 1972;1
3 juin 1977;1
8 juin 1977;1
25 septembre 1976;1
1 juin 1977;1
19 fevrier 1977;1
17 août 1964;1
3 avril 1977;1
2 février 1945;1
10 avril 1977;1
13 février 1977;1
28 février 1977;1
28 avril 1977;1
30 juin 1941;1
14 juin 1944;1
5 avril 1945;1
19 décembre 1944;1
8 mai 1977;1
4 Novembre 1977;1
3 Novembre 1977;1
18 juillet 1950;1
25 juillet 1977;1
13 mai 1975;1
6 février 1977;1
14 Novembre 1977;1
11 NOVEMBRE 1977;1
20 décembre 1976;1
8 juillet 1977;1
7 janvier 1977;1
20 janvier 1976;1
28 mars 1968;1
17 janvier 1941;1
17 juin 1977;1
18 juillet 1975;1
25 octobre 1977;1
23 octobre 1977;1
13 juin 1977;1
2 mai 1968;1
25 juin 1977;1
6 août 1977;1
30 juin 1915;1
23 décembre 1975;1
17 mai 1977;1
6 octobre 1975;1
17 novembre 1975;1
31 juillet 1975;1
30 avril 1977;1
23 novembre 1975;1
13 janvier 1932;1
14 mars 1974;1
24 février 1975;1
4 septembre 1976;1
20 mai 1965;1
16 août 1977;1
27 mars 1958;1
19 mars 1976;1
11 novembre 1977;1
28 septembre 1977;1
5 janvier 1975;1
2 juillet 1969;1
6 octobre 1977;1
23 juillet 1977;1
7 février 1959;1
13 juin 1973;1
7 octobre 1977;1
11 janvier 1949;1
2 avril 1949;1
12 avril 1945;1
18 mai 1977;1
4 août 1977;1
18 juin 1977;1
29 mars 1977;1
22 avril 1975;1
13 août 1977;1
10 septembre 1968;1
10 mars 1939;1
11 avril 1974;1
22 novembre 1971;1
26 juin 1965;1
4 octobre 1973;1
20 décembre 1969;1
17 décembre 1973;1
16 novembre 1972;1
19 juillet 1911;1
20 décembre 1911;1
24 avril 1974;1
29 février 1969;1
29 mai 1965;1
14 mars 1968;1
11 mars 1968;1
16 avril 1946;1
25 février 1974;1
20 décembre 1973;1
19 juin 1973;1
15 janvier 1973;1
2 février 1974;1
23 juin 1961;1
3 juillet 1961;1
3 août 1961;1
21 décembre 1951;1
20 mai 1949;1
22 mai 1955;1
8 juillet 1961;1
5 mars 1966;1
3 mars 1974;1
12 janvier 1974;1
12 novembre 1971;1
3 janvier 1974;1
16 février 1971;1
23 novembre 1969;1
28 novembre 1969;1
30 octobre 1973;1
27 avril 1970;1
27 octobre 1961;1
13 juillet 1973;1
5 avril 1974;1
16 avril 1972;1
28 novembre 1973;1
30 septembre 1958;1
20 août 1966;1
27 juin 1975;1
5 avril 1975;1
24 juillet 1974;1
19 juillet 1575;1
3 juillet 1952;1
3 juillet 1962;1
24 juillet 1971;1
25 novembre 1923;1
21 juillet 1925;1
16 août 1972;1
7 février 1975;1
28 février 1974;1
12 février 1975;1
26 juin 1973;1
27 juillet 1974;1
15 mars 1974;1
10 juin 1775;1
27 avril 1973;1
16 avril 7975;1
17 juin 1975;1
11 octobre 1974;1
3 octobre 1974;1
15 octobre 1560;1
17 octobre 1974;1
14 février 1975;1
17 février 1975;1
13 juillet 1925;1
25 avril 1975;1
8 avril 1938;1
19 décembre 1967;1
30 avril 1975;1
7 septembre 1970;1
7 avril 1975;1
16 mai 1975;1
12 mai 1910;1
19 février 1932;1
23 janvier 1975;1
25 mars 1975;1
2 décembre 1974;1
22 mai 1974;1
28 décembre 1974;1
17 novembre 1974;1
10 juin 1975;1
22 mai 7975;1
12 avril 1975;1
24 juin 1970;1
15 octobre 1974;1
18 février 1975;1
19 juin 1974;1
3 février 1975;1
13 août 1925;1
4 septembre 1974;1
26 mai 1974;1
6 juin 1975;1
30 janvier 1975;1
17 Mars 1979;1
18 MARS 1979;1
13 mars 1979;1
19 Octobre 1978;1
1 juillet 1979;1
8 avril 1976;1
17 octobre 1978;1
20 octobre 1976;1
12 juillet 1906;1
26 mai 1978;1
23 juillet 1974;1
10 novembre 1977;1
21 août 1978;1
25 septembre 1978;1
4 mai 1973;1
24 janvier 1978;1
1 novembre 1978;1
7 août 1967;1
8 juin 1975;1
7 juin 1978;1
7 novembre 1977;1
28 décembre 1973;1
26 novembre 1971;1
28 août 1972;1
3 janvier 1970;1
23 juin 1977;1
19 OCTOBRE 1973;1
12 août 1949;1
26 juillet 1960;1
22 mai 1978;1
5 avril 1978;1
10 avril 1978;1
18 décembre 1958;1
30 novembre 1977;1
30 mars 1978;1
18 mars 1975;1
10 Novembre 1978;1
9 Novembre 1978;1
16 juin 1948;1
30 décembre 1977;1
4 décembre 1913;1
28 avril 1978;1
2 mai 1978;1
7 juillet 1977;1
22 décembre 1977;1
16 Novembre 1978;1
27 septembre 1978;1
30 mars 1966;1
15 NOVEMBRE 1973;1
15 NOVEMBRE 1976;1
11 septembre 1977;1
3 février 1978;1
25 avril 1978;1
16 décembre 1977;1
17 décembre 1926;1
12 NOVEMBRE 1968;1
13 mars 1977;1
7 juillet 1078;1
23 mars 1978;1
1 juillet 1901;1
20 octobre 1977;1
26 avril 1977;1
18 avril 1977;1
19 avril 1977;1
25 septembre 1946;1
13 septembre 1978;1
27 juillet 1977;1
28 juin 1977;1
19 novembre 1978;1
18 mars 1978;1
3 août 1982;1
2 août 1962;1
8 juillet 1978;1
20 mars 1883;1
23 septembre 1378;1
18 janvier 1977;1
29 janvier 1971;1
1 mars 1971;1
31 décembre 1937;1
2 mars 1913;1
9 janvier 1978;1
5 janvier 1967;1
14 mai 1978;1
2 octobre 1978;1
8 décembre 1976;1
22 avril 1978;1
17 janvier 1976;1
16 juillet 1977;1
12 juillet 1978;1
2 juin 1978;1
14 juin 1978;1
20 Décembre 1978;1
24 septembre 1978;1
20 décembre 1478;1
22 DÉCEMBRE 1958;1
17 mai 1961;1
28 août 1978;1
1 janvier 1979;1
22 juin 1978;1
21 mars 1978;1
2 avril 1978;1
28 octobre 1978;1
25 novembre 1978;1
3 novembre 1978;1
18 novembre 1973;1
2 décembre 1978;1
30 octobre 1978;1
2 août 1966;1
6 décembre 1978;1
22 septembre 1978;1
12 décembre 1978;1
20 janvier 1950;1
14 mars 1947;1
16 novembre 1977;1
9 décembre 1978;1
15 décembre 1978;1
25 Avril 1979;1
27 janvier 1950;1
11 janvier 1965;1
6 janvier 1976;1
25 mai 1976;1
24 avril 1979;1
3 mai 1979;1
4 février 1978;1
13 mai 1976;1
19 octobre 1932;1
27 août 1940;1
22 juin 1955;1
10 novembre 1967;1
10 août 1932;1
18 avril 1979;1
16 avril 1979;1
28 avril 1979;1
14 décembre 1978;1
10 juillet 1978;1
15 avril 1979;1
19 mars 1979;1
31 octobre 1698;1
7 janvier 1958;1
29 novembre 1978;1
3 mars 1978;1
22 décembre 1978;1
6 septembre 1972;1
25 octobre 1978;1
5 août 1977;1
6 mars 1978;1
14 septembre 1978;1
16 juin 1881;1
19 mai 1977;1
21 octobre 1978;1
21 décembre 1977;1
5 janvier 1978;1
6 janvier 1979;1
13 janvier 1979;1
25 janvier 1911;1
9 janvier 1979;1
15 décembre 1979;1
27 mars 1970;1
25 octobre 1979;1
26 octobre 1979;1
29 octobre 1979;1
30 octobre 1979;1
21 février 1979;1
31 OCTOBRE 1079;1
28 mars 1973;1
18 février 1977;1
17 janvier 1975;1
6 novembre 1979;1
15 Décembre 1979;1
14 Décembre 1979;1
18 mai 1979;1
23 octobre 1954;1
6 décembre 1974;1
10 Juin 1980;1
10 novembre 1975;1
11 janvier 1978;1
18 septembre 1979;1
15 décembre 1952;1
10 JUIN 1080;1
19 octobre 1979;1
4 mai 1970;1
20 mai 1980;1
20 mars 1980;1
22 mai 1980;1
23 mai 1980;1
17 juin 1960;1
19 juin 1980;1
11 Juin 1980;1
29 juillet 1961;1
21 mai 1980;1
6 décembre 1979;1
13 juin 1981;1
13 août 1979;1
10 juin 1930;1
17 novembre 1979;1
25 août 1983;1
16 juin 1979;1
20 avril 1979;1
25 Août 1380;1
25 août 1080;1
31 mai 1980;1
7 décembre 1976;1
11 décembre 1975;1
12 décembre 1975;1
25 Août 1080;1
25 Août 1580;1
2 août 1980;1
14 mars 1979;1
23 août 1977;1
27 février 1980;1
22 septembre 1962;1
30 juillet 1979;1
11 février 1980;1
28 juillet 1979;1
4 mai 1978;1
20 septembre 1979;1
16 janvier 1950;1
28 novembre 1979;1
25 février 1980;1
14 mars 1977;1
26 janvier 1965;1
3 mars 1880;1
22 juillet 1330;1
23 mars 1958;1
28 mars 1953;1
8 novembre 1942;1
29 novembre 1979;1
10 mars 1966;1
8 janvier 1976;1
10 juillet 1979;1
12 novembre 1976;1
16 décembre 1976;1
9 juin 1930;1
46 juin 1980;1
21 octobre 1979;1
18 avril 1969;1
18 janvier 1930;1
2 septembre 1954;1
20 mai 1977;1
21 mars 1980;1
5 mai 1980;1
6 août 1975;1
19 novembre 1955;1
28 février 1967;1
28 septembre 1980;1
7 mars 1980;1
2 janvier 1947;1
30 novembre 1979;1
17 mars 1980;1
20 août 1980;1
15 mai 1959;1
18 octobre 1919;1
19 octobre 1939;1
15 septembre 1980;1
21 juin 1930;1
29 août 1980;1
27 septembre 1979;1
24 septembre 1979;1
21 juin 1980;1
9 janvier 1980;1
9 août 1978;1
9 janvier 1930;1
5 novembre 1926;1
8 Septembre 1880;1
13 janvier 1977;1
10 mars 1950;1
4 janvier 1978;1
8 septembre 1950;1
3 avril 1968;1
11 juillet 1973;1
21 avril 1975;1
2 août 1978;1
30 mai 1980;1
1 juillet 1980;1
28 juin 1980;1
27 mars 1945;1
13 novembre 1977;1
27 septembre 1933;1
24 mars 1930;1
29 mai 1956;1
2 février 1978;1
28 mai 1951;1
31 mars 1981;1
15 février 1980;1
17 mai 1979;1
4 août 1930;1
28 décembre 1979;1
6 août 1055;1
28 juin 1979;1
9 avril 1980;1
14 février 1957;1
14 mai 1051;1
15 avril 1948;1
17 avril 1980;1
8 septembre 1979;1
22 septembre 1979;1
29 septembre 1979;1
8 octobre 1979;1
10 mars 1930;1
31 mai 1979;1
30 septembre 1692;1
5 décembre 1980;1
26 avril 1980;1
30 SEPTEMBRE 1882;1
20 avril 1960;1
11 mai 1972;1
5 Novembre 1981;1
25 juin 1979;1
28 octobre 1981;1
28 octobre 1962;1
12 octobre 1929;1
30 octobre 1981;1
6 novembre 1981;1
3 novembre 1981;1
4 novembre 1981;1
10 novembre 1981;1
5 novembre 1981;1
9 juin 1982;1
8 décembre 1981;1
9 décembre 1981;1
2 juin 1982;1
8 juin 1982;1
10 juin 1982;1
16 juin 1982;1
10 septembre 1981;1
2 juillet 1990;1
5 Novembre 1982;1
2 mars 1912;1
21 décembre 1982;1
10 mars 1982;1
17 août 1948;1
22 septembre 1982;1
15 janvier 1982;1
18 octobre 1982;1
27 novembre 1981;1
26 mars 1982;1
21 juin 1981;1
21 mars 1982;1
27 octobre 1982;1
26 octobre 1982;1
18 Novembre 1983;1
17 Novembre 1983;1
23 décembre 1982;1
15 octobre 1982;1
2 août 1983;1
5 novembre 1982;1
6 Avril 1984;1
8 AVRIL 1984;1
17 février 1984;1
22 mars 1984;1
16 septembre 1983;1
26 janvier 1984;1
20 septembre 1982;1
17 mai 1982;1
27 février 1984;1
8 juillet 1983;1
26 Octobre 1984;1
26 OCTOBRE 1964;1
28 OCTOBRE 1984;1
9 juillet 1984;1
16 mai 1983;1
23 juillet 1984;1
29 octobre 1984;1
27 octobre 1984;1
24 Novembre 1984;1
23 Novembre 1984;1
10 avril 1984;1
20 février 1968;1
1 avril 1934;1
1 octobre 1984;1
27 novembre 1984;1
22 mars 1978;1
8 mai 1931;1
8 mai 1981;1
5 janvier 1951;1
13 mai 1980;1
11 décembre 1974;1
18 décembre 1978;1
25 décembre 1964;1
2 avril 1952;1
2 juin 1981;1
17 juillet 1981;1
2 avril 1980;1
29 septembre 1981;1
12 février 1970;1
27 juin 1981;1
19 octobre 1531;1
23 décembre 1980;1
11 octobre 1931;1
23 septembre 1981;1
30 septembre 1981;1
24 octobre 1970;1
28 juillet 1981;1
7 septembre 1331;1
18 septembre 1980;1
21 janvier 1981;1
8 janvier 1980;1
8 janvier 1950;1
10 décembre 1979;1
24 novembre 1980;1
21 septembre 1979;1
16 mars 1981;1
8 novembre 1974;1
15 mars 1980;1
19 octobre 1031;1
18 août 1966;1
30 avril 1965;1
20 novembre 1961;1
18 août 1981;1
2 mai 1938;1
19 Octobre 1961;1
23 décembre 1989;1
8 décembre 1943;1
31 mai 1981;1
12 juillet 1973;1
15 septembre 1931;1
6 octobre 1976;1
19 octobre 1481;1
25 janvier 1978;1
10 décembre 1940;1
15 février 1942;1
9 juillet 1947;1
19 octobre 1701;1
9 octobre 1751;1
2 septembre 1971;1
7 février 1972;1
1 janvier 1971;1
4 février 1905;1
4 juillet 1230;1
19 décembre 1975;1
2 NOVEMBRE 1945;1
10 JUILLET 1880;1
17 juillet 1984;1
28 mai 1986;1
18 octobre 1945;1
28 MAI 1886;1
3 août 1926;1
30 décembre 1928;1
4 février 1938;1
13 septembre 1986;1
15 septembre 1986;1
11 juillet 1979;1
9 novembre 1986;1
7 novembre 1986;1
25 juillet 1986;1
18 septembre 1986;1
26 août 1944;1
23 octobre 1984;1
16 octobre 1986;1
25 novembre 1988;1
10 juillet 1952;1
16 juillet 1986;1
27 octobre 1946;1
26 NOVEMBRE 1088;1
27 mai 1986;1
22 janvier 1986;1
22 novembre 1985;1
12 novembre 1986;1
7 octobre 1984;1
19 novembre 1983;1
3 décembre 1986;1
4 décembre 1986;1
5 décembre 1986;1
27 novembre 1959;1
9 juillet 1986;1
21 mars 1984;1
21 novembre 1986;1
26 septembre 1977;1
25 novembre 1975;1
22 avril 1980;1
1 août 1986;1
6 novembre 1962;1
25 janvier 1985;1
17 mars 1909;1
3 septembre 1986;1
6 janvier 1986;1
29 septembre 1986;1
16 mai 1974;1
25 juillet 1975;1
22 octobre 1987;1
21 octobre 1987;1
28 mars 1987;1
10 avril 1987;1
31 décembre 1987;1
10 décembre 1982;1
11 octobre 1985;1
18 novembre 1984;1
