"Fichier";"Année";"Page";"Extrait"
"2_cri_1964-1965-ordinaire1_021.txt";"1964";"22";"tat recevant des crédits directement du budget' général du pays, c 'est-à-dire non soumise au contrôle pourtant peu sévère du comité directeur du F . 1. D. O. M. ? Je souhaite recevoir cette fois de vous une réponse justifiant ce changement d'orientation. Avant de passer au sujet suivant, je dirai à M . Bas que, contrairement à ce qui est indiqué à la page 29 de son rapport écrit, ce n'est pas le"
"2_cri_1964-1965-ordinaire1_021.txt";"1964";"22";"""osition n'est pas acceptable, monsieur le ministre ; elle conduit à faire supporter par le budget local des dépenses concernant des Réunionnais qui ont quitté leur département au titre de la migration . C'est, de plus, un précédent regrettable. S'il parait normal que le F. I. D. O. M. ne continue pas à prendre en charge des dépenses de cet ordre, comme cela se pratiquait jusqu'à présent, c'est le"""
"2_cri_1964-1965-ordinaire1_021.txt";"1964";"58";"de 4 .000. Nous avons donc largement rempli le programme que nous nous étions fixé. La plupart d'entre eux sont entrés dans les centres métro- politains de formation professionnelle, les autres viennent en France avec un contrat de travail rémunérateur ou dans le cadre des regroupements familiaux. La création aux Antilles et à la Réunion d'antennes locales du service des migrations, qu'on appelle"
"2_cri_1966-1967-ordinaire1_021.txt";"1966";"56";"on sanitaire et sociale . de mettre sur pied un réseau de cantines scolaires, d'installer un service Pour mener à bien cette tâche, le ministère d'Etat a créé une société d'Etat, le Bureau pour le développement des migra- de travailleuses familiales dans chaque département, de créer, enfin, des centres de formation professionnelle . tions intéressant les départements d'outre-mer, autrement dit le"
"2_cri_1966-1967-ordinaire1_021.txt";"1966";"56";"sse qu'à des volontaires et que les plus de dix ans . candidats, s'ils n'ont aucune qualifi- cation, doivent accepter d'accomplir un stage de formation pro- Parallèlement à la mise en oeuvre de la parité globale, le fessionnelle ? Gouvernement s'attache à étendre le bénéfice de la sécurité sociale aux non salariés. Sans entrer dans le détail des dispo- En liaison avec les bureaux de placement, le"
"2_cri_1966-1967-ordinaire1_021.txt";"1966";"58";"ticulièrement importante aux départements d'outre-mer sur- peuplés. M. Lucien Neuwirth . Très bien. M. le ministre d'Etat chargé des départements et territoires d'outre-mer . La migration vers la métropole ne saurait être un remède efficace à l'expansion démographique dont souffrent nos trois départements insulaires . Enfin, en prenant en charge tout ou partie des frais de voyage des familles, le"
"2_qst_2-qst-1964-09-12.txt";"1964";"83";"iative ou agrément de la puis- sance publique. Le Gouvernement a conscience de l'ampleur et de la gravité du problème démographique dans les D . O. M. et de la nécessité de rechercher toutes les solutions adaptées à la situation actuelle . C'est ainsi qu 'a été entreprise une action généralisée ten - dant à faciliter la migration des populations locales vers la métro- pole. La création récente du"
"3_cri_1967-1968-ordinaire1_037.txt";"1967";"68";"""ont été placés directement par le BUMIDO-\I ; ils arrivaient en métropole munis d'un contrat de travail. 195 éléments ont fait l'objet d'une formation professionnelle pendant leur service militaire ; ils ont été placés dès leur libé- ration soit chez des employeurs, soit clans les centres de for- mation professionnelle accélérée métropolitains. 55 jeunes filles ont été placées directement par le B"""
"3_cri_1967-1968-ordinaire1_037.txt";"1967";"68";"s ont été placées comme employées de maison, aides-soignantes ou assistantes puéricultrices. Les 713 migrants restants sont venus dans le cadre des regrou- pements familiaux . On peut donc dire que tous les migrants ont été placés par le 13t!MlDOM à leur arrivée en métropole ou à leur sortie des centres de formation professionnelle acélérée. Si, pour une raison quelconque, un migrant placé par le"
"3_cri_1967-1968-ordinaire1_037.txt";"1967";"69";"A ces chiffres s'ajoutent 234 logements Il . L . M . mis à la disposition du BUMiDOiI à la suite de la décision d'un comité inter- ministériel de 1963. 710 prêts d'établi,eurent ont été accordés en 1966 pour les mi grants de la région parisienne ainsi que 17 prêts d 'accession à la propriété. En ce qui concerne la province, les migrants bénéficient d'une aide du Foncls national de l'emploi et le B"
"4_cri_1968-1969-ordinaire1_050.txt";"1968";"3";"la sûreté national .. et, pour ce qui concerne le service militaire adapté, de 61 emplois supplémentaires qui viendront renforcer ses moyens d'action à la Réunion. Je dois faire une mention particulière pour deux actions nouvelles, fort intéressantes puisqu'elles se rapportent au pro- blème de la démographie et de l 'emploi. La première concerne le bureau pour le développement des migrations — le"
"4_cri_1968-1969-ordinaire1_050.txt";"1968";"9";"veloppement et le . malaise social qui en résulte se heurte à l'obstacle de la démographie . Ce fait capital paraît avoir trop longtemps été négligé dans l'élaboration des plans, car il conditionne non seulement la création et la répartition des richesses, mais encore le comportement politique et social des individus. Le bureau pour le développement des migrations des dépar- tements d'outre-mer —"
"4_cri_1968-1969-ordinaire1_050.txt";"1968";"9";"ropole, au moment même où le problème de l'emploi suscite dans l'opinion tant de tensions et de mécontentements. Les citoyens des départements d'outre-mer ne doivent pas être les victimes désignées du chômage technologique que provoquent en France et dans tous les pays de l'Est ou de l'Ouest les néces- saires concentrations industrielles. S'il est très souhaitable que les dotations budgétaires du"
"4_cri_1969-1970-ordinaire1_033.txt";"1969";"114";"""chargé des départements et territoires d'outre-mer, qu'à la suite de la question écrite n"""" 3916 posée le 15 février 1969 à M. le ministre de l 'économie et des finances, à laquelle il a été répondu le 19 avril et qui concernait le solde migratoire en faveur des entrées qui a été de 94 unités à la Réunion en 1967, malgré le chiffre de 3.011 unités atteint par la migration en métropole au titre du B"""
"4_cri_1969-1970-ordinaire1_050.txt";"1969";"15";"mplois industriels et touristiques créés a été de 2.600 à 3.000 selon les sources . Il faut garder en mémoire les réductions d'emplois entraînées par les concentrations dans le secteur sucrier. Or, de 1966 à 1968, la population de vingt à cinquante-neuf ans a augmenté de près de 40 .000 unités. Certes, 15 .000 ressor- tissants des trois départements insulaires se sont installés en France grâce au"
"4_cri_1969-1970-ordinaire1_050.txt";"1969";"18";"ernement dès 1961 a été conçue dans une perspective de promotion sociale. S'adressant à des volontaires, elle a pour objectif de ne faciliter l'implantation en métropole que de candidats ayant reçu une formation professionnelle ou fait preuve de qualification satisfaisante, et elle peut donc se définir comme suit : Le Bureau pour le développement des migrations des dépar- tements d'outre-mer — le"
"4_cri_1969-1970-ordinaire1_050.txt";"1969";"18";"migration réunionnaise doit être plus particulièrement développée et concerner notamment les Réunionnais implantés à Madagascar. La migration antillaise doit connaître un palier, voire une légère régression, des débouchés étant activement recherchés au Canada, en Amérique du Sud et en Guyane. L'environnement social des migrants en métropole doit faire l'objet d'efforts particuliers de la part du B"
"4_cri_1970-1971-ordinaire1_023.txt";"1970";"22";"ement de l'enseignement, notam- ment d'un enseignement supérieur court, donnant accès le plus rapidement possible à des postes d'encadrement. La seconde réside dans la politique de migration entreprise depuis 1962. Actuellement, environ 9.000 Antillais, Réunionais ou Guyanais chaque année viennent s'installer en métropole grâce à l'action du bureau des migrations des départements d'outre-mer — le"
"4_cri_1970-1971-ordinaire1_023.txt";"1970";"34";"smes capables de l'aider et qui ont permis de former, depuis 1964, 15.000 travailleurs et 5.618 travailleuses. Parallèlement, il s'est employé à combler les principales lacunes qui entraînaient des impossibilités de placement dans certains secteurs de l'emploi . Cela a conduit à trois initiatives. D'abord, étant donné le faible nombre de centres de formation professionnelle accélérée féminins, le"
"4_cri_1970-1971-ordinaire1_023.txt";"1970";"47";"e continue à être importante malgré la contre-propagande massive à laquelle elle est soumise et aucune loi ne petit l'empêcher . Mais le rapport de la commis - sion de la production et des échanges qualifie la migration de «carte forcée des jeunes ers qudte d'emploi s et exprime, par euphémisme, la crainte que l'amplification de ce mouvement ne puisse se poursuivre sans risques psychologiques. Le"
"4_cri_1970-1971-ordinaire1_060.txt";"1970";"59";"s avez-vous l'intention de la lui confier ASSEMBLEE NATIONALE — 2' SEANCE DU 16 NOVEMBRE 1970 5633 et, partant, de créer des centres de l'Agence dans les départe- ments d'outre-mer ? Il ne serait d'ailleurs pas inconcevable de lui assigner pour mission la coordination nécessaire entre l'offre et la demande d'emploi, en collaboration avec le Bureau pour la migration des départements d'outre-mer — B"
"4_cri_1970-1971-ordinaire1_065.txt";"1970";"96";"omène récent, mais remontent à de nombreuses années. Les mouvements spontanés conservent actuellement encore une grande importance et entrainent de nombreuses interventions à caractère social car beaucoup de familles insulaires viennent s 'établir en France continentale, sans se préoccuper de leur hébergement ou se procurer préalablement les emplois indispensables à leur existence. Par contre, le"
"4_cri_1970-1971-ordinaire1_065.txt";"1970";"96";"""per- sonnes qui demandent son concours ; jusqu'à présent 49 .700 per- sonnes, originaires de la Réunion, de la Martinique et de la Guadeloupe ont été conc .rnées par l'action de ce bureau, soit: 23.191 tr::vailleurs ; 12.830 travailleuses ; 13.679 membres de leur famille. Parmi les travailleurs : 11.973 n'ayant aucune qualification ou spécialisation professionnelle ont été placés par les soins du"""
"4_cri_1970-1971-ordinaire1_065.txt";"1970";"97";"EMBRE 1970 5813 des établissements ou services publics . Dans la mesure où il semble que c'est cette action que l 'honorable parlementaire met en cause, il n'en reste pas moins impossible de conclure que la migration prive systématiquement les départements d'outre-mer de leurs cadres et d 'une partie de leur main-d'ceuvre, car : tous les migrants sont des volontaires faisant spontanément appel au"
"4_cri_1970-1971-ordinaire2_007.txt";"1970";"25";"et social ne progresse pas, où l'état colonial se perpétue avec ses discriminations raciales, ses fraudes administratives et électo- rales, l'emploi permanent de la force polir le maintien du statu quo. Il ne le sont pas en métropole où. faute d'emploi chez eux, émigrent de nombreux originaires des départements d'outre- mer. L'insuffisance de la formation professionnelle, malgré les promesses du B"
"4_cri_1970-1971-ordinaire2_007.txt";"1970";"37";"ont loin de fournir du travail aux nom- breux bras qui s'offrent sur le marché . Elles ne compensent pas les suppressions. Dans les D. O. M. le salaire minimum interprofessionnel de croissance est inférieur au S. M. I. C. français » alors que l'Etat, à bon escient, accorde à ses fonctionnaires une indemnité de vie chère. Enfin faut-il répéter que l'émigration, telle qu'elle est orga- nisée par le"
"4_cri_1971-1972-ordinaire1_024.txt";"1971";"15";"n, des croquis ou plutôt des graphiques seraient préfé- nement. rables. Mais la configuration de la salle des séances ne permet- Or, si l'émigration est un palliatif nécessaire, elle n'est pas une tant pas de les présenter, vous devrez vous contenter de chiffres panacée. assez ingrats. La politique d'émigration, appuyée essentiellement sur le M. Bertrand Denis. Il faudrait modifier le règlement !"
"4_cri_1971-1972-ordinaire1_024.txt";"1971";"17";"""que et du groupe Progrès et démo- Pour les dépenses ordinaires, ces mesures nouvelles repré- cratie moderne.) sentent 8.262.508 francs ; elles visent essentiellement à faciliter l'accès à la vie active et à pallier les excès de la démographie. M. le président. Je suis désolé d'avoir dû demander à M. le rapporteur pour avis de conclure rapidement. Les migrations organisées vers la métropole par le"""
"4_cri_1971-1972-ordinaire1_024.txt";"1971";"34";"s possibilités de formation offertes aux migrants ont donc inaccessibles aux citoyens de l'hexagone, alors qu'il leur est été accrues. Des bourses de promotion sociale leur permettent relativement facile de se rendre au Canada ou aux Etats-Unis. d'améliorer leur formation professionnelle. Un dispositif de Ensuite, peu de Français peuvent séjourner aux Caraïbès, formation a été mis en place par le"
"4_cri_1971-1972-ordinaire1_067.txt";"1971";"63";"de l 'entreprise. C'est ce que prévoit le «contrat» qui apparaît comme une contrainte unilatérale, légalement imposée par la firme à ses employés . Il attire, d'autre part, son attention sur le fait que le recrutement de ces travailleurs et leur transport s 'effectuent par l'intermédiaire du Bureau pour le déve- loppement des migrations intéressant les départements d'outre-mer, société d 'Etat « B"
"4_cri_1971-1972-ordinaire1_067.txt";"1971";"64";"de l'entreprise. C 'est ce que prévoit le «contrat» qui apparaît comme une contrainte uni- latérale, légalement imposée par la firme à ses employés . Il attire, d'autre part, son attention sur le fait que le recrutement de ces travailleurs et leur transport s'effectuent par l 'intermédiaire du bureau pour le développement des migrations intéressant les dépar- tements d 'outre-mer, société d'Etat ("
"4_cri_1972-1973-ordinaire1_045.txt";"1972";"20";"e, puisque l'augmentation du mouvement de migration de trois cents personnes environ entrainera une dépense supérieure à 1,6 million de francs. J'indique, à ce sujet, que 9 .165 migrations ont été enre- gistrées en 1971. L'objectif que l'on se propose d'atteindre à la fin du VI' Plan est de 2 .500 pour chacun des deux départements des Antilles et de 8 .000 pour le département de la Réunion. Or le"
"4_cri_1972-1973-ordinaire1_063.txt";"1972";"9";"es difficultés des travailleurs salariés privés d'emploi par suite des mutations de toute nature. Le Gouvernement, devant 'l'ampleur des transformations éco- nomiques, sociales et démographiques dans les départements d 'outre-mer, a pris, par arrêté ministériel du 26 avril 1963, la décision de créer un bureau pour le développement des migra- tions dans ces départements insulaires et lointains, ou"
"4_cri_1972-1973-ordinaire1_063.txt";"1972";"10";"deloupe et la Martinique . En conséquence, ce sont les jeunes arrivant sur le marché du travail et rencontrant des difficultés pour trouver un premier emploi, malgré leurs diplômes, leur formation et leur qualification professionnelle, qui viennent grossir le lot des chômeurs . Or la mécanisation inéluctable et la concentration des unités industrielles risquent d'aggraver le chômage. A travers le"
"4_cri_1972-1973-ordinaire1_063.txt";"1972";"11";"jeunes, sans dis- tinction de région ou de département. Aussi est-il indispensable que les demandeurs d'emploi trou- ent, auprès d'un organisme habilité, les renseignements précis qu'ils sollicitent. La création d'une antenne de l'Agence natio- nale pour l'emploi s'avère urgente aux Antilles, car nombreux sont les Guadeloupéens qui viennent spontanément en France métropolitaine sans passer par le"
"4_qst_4-qst-1969-08-23.txt";"1969";"13";"""hargé des départements et territoires d'outre-mer, qu 'à la suite de la question écrite n"""" 3916 posée le 15 fevrier 1969 à M . le ministre de l 'économie et des finances, à laquelle il a été répondu le 19 avril et qui concernait le solde migratoire en faveur des entrées qui a été de 94 unités à la Réunion en 1967, malgré le chiffre de 3.011 unités atteint par la migration en métropole au titre du"""
"4_qst_4-qst-1969-09-27.txt";"1969";"96";"""chargé des départements et territoires d'outre-mer, qu 'à la suite de la question écrite n"""" 3916 posée le 15 février 1969 à M. le ministre de l 'économie et des finances, à laquelle il a été répondu le 19 avril et qui concernait le solde migratoire en faveur des entrées qui a été de 94 unités à la Réunion en 1967, malgré le chiffre de 3.011 unités atteint par la migration en métropole au titre du"""
"4_qst_4-qst-1971-07-10.txt";"1971";"71";"tre-mer, aux mêmes exonérations que clans la métropole. Le décret qui doit en fixer le montant est en cours d 'élaboration et paraîtra aussitôt que sera publié le texte concernant la métropole. Français d 'outre-mer. 18773. — M. Césaire expose à M. le ministre d'Etat chargé des départements et territoires d'outre-mer qu 'un certain nombre d'Antillais, venus en France par le canal du très officiel"
"4_qst_4-qst-1971-07-10.txt";"1971";"71";". Il lui demande quelles dispositions il compte prendre pour que les mesures d 'expulsion soient rapportées et que les migrants aient l 'assurance non seule- ment d'être maintenus au Foyer Rush del Campo . mais encore de pouvoir y vivre dans des conditions décentes jusqu 'à ce qu 'ils trouvent du travail et un logement nouveau . (Question du 8 juin 1971 .( Réponse. — La convention signée entre le"
"4_qst_4-qst-1972-07-29.txt";"1972";"26";"e fin à ces pratiques. Travailleurs originaires des départements d 'outre-mer (rapatriement d 'un corps). 24598. — M. Flouât attire l 'attention de M. le Premier ministre (départements et territoires d'outre-mer) sur les conditions dans lesquelles a vécu, travaillé et est morte dans notre pays une jeune Réunionnaise de vingt-deux ans, émigrée en France le 5 novem- bre 1971 par l 'intermédiaire du"
"4_qst_4-qst-1972-07-29.txt";"1972";"26";"e réservée à ces travailleurs, pendant son court séjour chez nues, puisqu 'elle devait décéder à l 'hôpital de l 'Hôtel- Dieu le 7 avril 1972, le corps a été rapatrié à la Réunion son pays d 'origine. Le coût du rapatriement et des funérailles s'élevant à 5.000 francs, le Bumidom vient d 'indiquer que ces sommes seront prélevées sur te capital décès. II lui semble absolument inadmis- sible que le"
"4_qst_4-qst-1972-07-29.txt";"1972";"26";"à son travail ou à ses conditions de vie — a été évoqué par M . le député Houel, a été placée à Lyon après avoir effectué un stage professi'Innel . Ses conditions de tra- vail répondaient aux stipulations des conventions collectives . Ses émoluments et les avantages en nature étalent ceux des employées de maison confirmées . Ayant quitté son emploi après quinze jours, cette migrante a demandé au B"
"4_tnominative_1968-1973_tnominative_IO.txt";"1968";"15";"""e ; crédits du F.I.D.O .M. ; problème des liaisons aériennes ; industrie sucrière application aux usines Gardel et Sainte- Marthe à la Guadeloupe d'une formule du type Sosumag utilisée à Marie-Galante ; ses observations sur le rhum ; primes d'équipe- ment ; incidence du projet de loi concernant les loyers des locaux d'habitation dans les départements d'outre-mer ; démographie migrations ; rôle du"""
